33300, [2, 4, 6, 8], []
33400, [2, 4, 6, 8], []
33500, [2, 4, 6, 8], []
33600, [2, 4, 6, 8], []
33700, [2, 4, 6, 8], []
33800, [2, 4, 6, 8], []
33900, [2, 4, 6, 8], []
34000, [2, 4, 6, 8], []
34100, [2, 4, 6, 8], []
34200, [2, 4, 6, 8], []
34300, [2, 4, 6, 8], []
34400, [2, 4, 6, 8], []
34500, [2, 4, 6, 8], []
34600, [2, 4, 6, 8], []
34700, [2, 4, 6, 8], []
34800, [2, 4, 6, 8], []
34900, [2, 4, 6, 8], []
35000, [2, 4, 6, 8], []
35100, [2, 4, 6, 8], []
35200, [2, 4, 6, 8], []
35300, [2, 4, 6, 8], []
35400, [2, 4, 6, 8], []
35500, [2, 4, 6, 8], []
35600, [2, 4, 6, 8], []
35700, [2, 4, 6, 8], []
35800, [2, 4, 6, 8], []
35900, [2, 4, 6, 8], []
36000, [2, 4, 6, 8], []
36100, [2, 4, 6, 8], []
36200, [2, 4, 6, 8], []
36300, [2, 4, 6, 8], []
36400, [2, 4, 6, 8], []
36500, [2, 4, 6, 8], []
36600, [2, 4, 6, 8], []
36700, [2, 4, 6, 8], []
36800, [2, 4, 6, 8], []
36900, [2, 4, 6, 8], []
37000, [2, 4, 6, 8], []
37100, [2, 4, 6, 8], []
37200, [2, 4, 6, 8], []
37300, [2, 4, 6, 8], []
37400, [2, 4, 6, 8], []
37500, [2, 4, 6, 8], []
37600, [2, 4, 6, 8], []
37700, [2, 4, 6, 8], []
37800, [2, 4, 6, 8], []
37900, [2, 4, 6, 8], []
38000, [2, 4, 6, 8], []
38100, [2, 4, 6, 8], []
38200, [2, 4, 6, 8], []
38300, [2, 4, 6, 8], []
38400, [2, 4, 6, 8], []
38500, [2, 4, 6, 8], []
38600, [2, 4, 6, 8], []
38700, [2, 4, 6, 8], []
38800, [2, 4, 6, 8], []
38900, [2, 4, 6, 8], []
39000, [2, 4, 6, 8], []
39100, [2, 4, 6, 8], []
39200, [2, 4, 6, 8], []
39300, [2, 4, 6, 8], []
39400, [2, 4, 6, 8], []
39500, [2, 4, 6, 8], []
39600, [2, 4, 6, 8], []
39700, [2, 4, 6, 8], []
39800, [2, 4, 6, 8], []
39900, [2, 4, 6, 8], []
40000, [2, 4, 6, 8], []
40100, [2, 4, 6, 8], []
40200, [2, 4, 6, 8], []
40300, [2, 4, 6, 8], []
40400, [2, 4, 6, 8], []
40500, [2, 4, 6, 8], []
40600, [2, 4, 6, 8], []
40700, [2, 4, 6, 8], []
40800, [2, 4, 6, 8], []
40900, [2, 4, 6, 8], []
41000, [2, 4, 6, 8], []
41100, [2, 4, 6, 8], []
41200, [2, 4, 6, 8], []
41300, [2, 4, 6, 8], []
41400, [2, 4, 6, 8], []
41500, [2, 4, 6, 8], []
41600, [2, 4, 6, 8], []
41700, [2, 4, 6, 8], []
41800, [2, 4, 6, 8], []
41900, [2, 4, 6, 8], []
42000, [2, 4, 6, 8], []
42100, [2, 4, 6, 8], []
42200, [2, 4, 6, 8], []
42300, [2, 4, 6, 8], []
42400, [2, 4, 6, 8], []
42500, [2, 4, 6, 8], []
42600, [2, 4, 6, 8], []
42700, [2, 4, 6, 8], []
42800, [2, 4, 6, 8], []
42900, [2, 4, 6, 8], []
43000, [2, 4, 6, 8], []
43100, [2, 4, 6, 8], []
43200, [2, 4, 6, 8], []
43300, [2, 4, 6, 8], []
43400, [2, 4, 6, 8], []
43500, [2, 4, 6, 8], []
43600, [2, 4, 6, 8], []
43700, [2, 4, 6, 8], []
43800, [2, 4, 6, 8], []
43900, [2, 4, 6, 8], []
44000, [2, 4, 6, 8], []
44100, [2, 4, 6, 8], []
44200, [2, 4, 6, 8], []
44300, [2, 4, 6, 8], []
44400, [2, 4, 6, 8], []
44500, [2, 4, 6, 8], []
44600, [2, 4, 6, 8], []
44700, [2, 4, 6, 8], []
44800, [2, 4, 6, 8], []
44900, [2, 4, 6, 8], []
45000, [2, 4, 6, 8], []
45100, [2, 4, 6, 8], []
45200, [2, 4, 6, 8], []
45300, [2, 4, 6, 8], []
45400, [2, 4, 6, 8], []
45500, [2, 4, 6, 8], []
45600, [2, 4, 6, 8], []
45700, [2, 4, 6, 8], []
45800, [2, 4, 6, 8], []
45900, [2, 4, 6, 8], []
46000, [2, 4, 6, 8], []
46100, [2, 4, 6, 8], []
46200, [2, 4, 6, 8], []
46300, [2, 4, 6, 8], []
46400, [2, 4, 6, 8], []
46500, [2, 4, 6, 8], []
46600, [2, 4, 6, 8], []
46700, [2, 4, 6, 8], []
46800, [2, 4, 6, 8], []
46900, [2, 4, 6, 8], []
47000, [2, 4, 6, 8], []
47100, [2, 4, 6, 8], []
47200, [2, 4, 6, 8], []
47300, [2, 4, 6, 8], []
47400, [2, 4, 6, 8], []
47500, [2, 4, 6, 8], []
47600, [2, 4, 6, 8], []
47700, [2, 4, 6, 8], []
47800, [2, 4, 6, 8], []
47900, [2, 4, 6, 8], []
48000, [2, 4, 6, 8], []
48100, [2, 4, 6, 8], []
48200, [2, 4, 6, 8], []
48300, [2, 4, 6, 8], []
48400, [2, 4, 6, 8], []
48500, [2, 4, 6, 8], []
48600, [2, 4, 6, 8], []
48700, [2, 4, 6, 8], []
48800, [2, 4, 6, 8], []
48900, [2, 4, 6, 8], []
49000, [2, 4, 6, 8], []
49100, [2, 4, 6, 8], []
49200, [2, 4, 6, 8], []
49300, [2, 4, 6, 8], []
49400, [2, 4, 6, 8], []
49500, [2, 4, 6, 8], []
49600, [2, 4, 6, 8], []
49700, [2, 4, 6, 8], []
49800, [2, 4, 6, 8], []
49900, [2, 4, 6, 8], []
50000, [2, 4, 6, 8], []
50100, [2, 4, 6, 8], []
50200, [2, 4, 6, 8], []
50300, [2, 4, 6, 8], []
50400, [2, 4, 6, 8], []
50500, [2, 4, 6, 8], []
50600, [2, 4, 6, 8], []
50700, [2, 4, 6, 8], []
50800, [2, 4, 6, 8], []
50900, [2, 4, 6, 8], []
51000, [2, 4, 6, 8], []
51100, [2, 4, 6, 8], []
51200, [2, 4, 6, 8], []
51300, [2, 4, 6, 8], []
51400, [2, 4, 6, 8], []
51500, [2, 4, 6, 8], []
51600, [2, 4, 6, 8], []
51700, [2, 4, 6, 8], []
51800, [2, 4, 6, 8], []
51900, [2, 4, 6, 8], []
52000, [2, 4, 6, 8], []
52100, [2, 4, 6, 8], []
52200, [2, 4, 6, 8], []
52300, [2, 4, 6, 8], []
52400, [2, 4, 6, 8], []
52500, [2, 4, 6, 8], []
52600, [2, 4, 6, 8], []
52700, [2, 4, 6, 8], []
52800, [2, 4, 6, 8], []
52900, [2, 4, 6, 8], []
53000, [2, 4, 6, 8], []
53100, [2, 4, 6, 8], []
53200, [2, 4, 6, 8], []
53300, [2, 4, 6, 8], []
53400, [2, 4, 6, 8], []
53500, [2, 4, 6, 8], []
53600, [2, 4, 6, 8], []
53700, [2, 4, 6, 8], []
53800, [2, 4, 6, 8], []
53900, [2, 4, 6, 8], []
54000, [2, 4, 6, 8], []
54100, [2, 4, 6, 8], []
54200, [2, 4, 6, 8], []
54300, [2, 4, 6, 8], []
54400, [2, 4, 6, 8], []
54500, [2, 4, 6, 8], []
54600, [2, 4, 6, 8], []
54700, [2, 4, 6, 8], []
54800, [2, 4, 6, 8], []
54900, [2, 4, 6, 8], []
55000, [2, 4, 6, 8], []
55100, [2, 4, 6, 8], []
55200, [2, 4, 6, 8], []
55300, [2, 4, 6, 8], []
55400, [2, 4, 6, 8], []
55500, [2, 4, 6, 8], []
55600, [2, 4, 6, 8], []
55700, [2, 4, 6, 8], []
55800, [2, 4, 6, 8], []
55900, [2, 4, 6, 8], []
56000, [2, 4, 6, 8], []
56100, [2, 4, 6, 8], []
56200, [2, 4, 6, 8], []
56300, [2, 4, 6, 8], []
56400, [2, 4, 6, 8], []
56500, [2, 4, 6, 8], []
56600, [2, 4, 6, 8], []
56700, [2, 4, 6, 8], []
56800, [2, 4, 6, 8], []
56900, [2, 4, 6, 8], []
57000, [2, 4, 6, 8], []
57100, [2, 4, 6, 8], []
57200, [2, 4, 6, 8], []
57300, [2, 4, 6, 8], []
57400, [2, 4, 6, 8], []
57500, [2, 4, 6, 8], []
57600, [2, 4, 6, 8], []
57700, [2, 4, 6, 8], []
57800, [2, 4, 6, 8], []
57900, [2, 4, 6, 8], []
58000, [2, 4, 6, 8], []
58100, [2, 4, 6, 8], []
58200, [2, 4, 6, 8], []
58300, [2, 4, 6, 8], []
58400, [2, 4, 6, 8], []
58500, [2, 4, 6, 8], []
58600, [2, 4, 6, 8], []
58700, [2, 4, 6, 8], []
58800, [2, 4, 6, 8], []
58900, [2, 4, 6, 8], []
59000, [2, 4, 6, 8], []
59100, [2, 4, 6, 8], []
59200, [2, 4, 6, 8], []
59300, [2, 4, 6, 8], []
59400, [2, 4, 6, 8], []
59500, [2, 4, 6, 8], []
59600, [2, 4, 6, 8], []
59700, [2, 4, 6, 8], []
59800, [2, 4, 6, 8], []
59900, [2, 4, 6, 8], []
60000, [2, 4, 6, 8], []
60100, [2, 4, 6, 8], []
60200, [2, 4, 6, 8], []
60300, [2, 4, 6, 8], []
60400, [2, 4, 6, 8], []
60500, [2, 4, 6, 8], []
60600, [2, 4, 6, 8], []
60700, [2, 4, 6, 8], []
60800, [2, 4, 6, 8], []
60900, [2, 4, 6, 8], []
61000, [2, 4, 6, 8], []
61100, [2, 4, 6, 8], []
61200, [2, 4, 6, 8], []
61300, [2, 4, 6, 8], []
61400, [2, 4, 6, 8], []
61500, [2, 4, 6, 8], []
61600, [2, 4, 6, 8], []
61700, [2, 4, 6, 8], []
61800, [2, 4, 6, 8], []
61900, [2, 4, 6, 8], []
62000, [2, 4, 6, 8], []
62100, [2, 4, 6, 8], []
62200, [2, 4, 6, 8], []
62300, [2, 4, 6, 8], []
62400, [2, 4, 6, 8], []
62500, [2, 4, 6, 8], []
62600, [2, 4, 6, 8], []
62700, [2, 4, 6, 8], []
62800, [2, 4, 6, 8], []
62900, [2, 4, 6, 8], []
63000, [2, 4, 6, 8], []
63100, [2, 4, 6, 8], []
63200, [2, 4, 6, 8], []
63300, [2, 4, 6, 8], []
63400, [2, 4, 6, 8], []
63500, [2, 4, 6, 8], []
63600, [2, 4, 6, 8], []
63700, [2, 4, 6, 8], []
63800, [2, 4, 6, 8], []
63900, [2, 4, 6, 8], []
64000, [2, 4, 6, 8], []
64100, [2, 4, 6, 8], []
64200, [2, 4, 6, 8], []
64300, [2, 4, 6, 8], []
64400, [2, 4, 6, 8], []
64500, [2, 4, 6, 8], []
64600, [2, 4, 6, 8], []
64700, [2, 4, 6, 8], []
64800, [2, 4, 6, 8], []
64900, [2, 4, 6, 8], []
65000, [2, 4, 6, 8], []
65100, [2, 4, 6, 8], []
65200, [2, 4, 6, 8], []
65300, [2, 4, 6, 8], []
65400, [2, 4, 6, 8], []
65500, [2, 4, 6, 8], []
65600, [2, 4, 6, 8], []
65700, [2, 4, 6, 8], []
65800, [2, 4, 6, 8], []
65900, [2, 4, 6, 8], []
66000, [2, 4, 6, 8], []
66100, [2, 4, 6, 8], []
66200, [2, 4, 6, 8], []
66300, [2, 4, 6, 8], []
66400, [2, 4, 6, 8], []
66500, [2, 4, 6, 8], []
66600, [2, 4, 6, 8], []
66700, [2, 4, 6, 8], []
66800, [2, 4, 6, 8], []
66900, [2, 4, 6, 8], []
67000, [2, 4, 6, 8], []
67100, [2, 4, 6, 8], []
67200, [2, 4, 6, 8], []
67300, [2, 4, 6, 8], []
67400, [2, 4, 6, 8], []
67500, [2, 4, 6, 8], []
67600, [2, 4, 6, 8], []
67700, [2, 4, 6, 8], []
67800, [2, 4, 6, 8], []
67900, [2, 4, 6, 8], []
68000, [2, 4, 6, 8], []
68100, [2, 4, 6, 8], []
68200, [2, 4, 6, 8], []
68300, [2, 4, 6, 8], []
68400, [2, 4, 6, 8], []
68500, [2, 4, 6, 8], []
68600, [2, 4, 6, 8], []
68700, [2, 4, 6, 8], []
68800, [2, 4, 6, 8], []
68900, [2, 4, 6, 8], []
69000, [2, 4, 6, 8], []
69100, [2, 4, 6, 8], []
69200, [2, 4, 6, 8], []
69300, [2, 4, 6, 8], []
69400, [2, 4, 6, 8], []
69500, [2, 4, 6, 8], []
69600, [2, 4, 6, 8], []
69700, [2, 4, 6, 8], []
69800, [2, 4, 6, 8], []
69900, [2, 4, 6, 8], []
70000, [2, 4, 6, 8], []
70100, [2, 4, 6, 8], []
70200, [2, 4, 6, 8], []
70300, [2, 4, 6, 8], []
70400, [2, 4, 6, 8], []
70500, [2, 4, 6, 8], []
70600, [2, 4, 6, 8], []
70700, [2, 4, 6, 8], []
70800, [2, 4, 6, 8], []
70900, [2, 4, 6, 8], []
71000, [2, 4, 6, 8], []
71100, [2, 4, 6, 8], []
71200, [2, 4, 6, 8], []
71300, [2, 4, 6, 8], []
71400, [2, 4, 6, 8], []
71500, [2, 4, 6, 8], []
71600, [2, 4, 6, 8], []
71700, [2, 4, 6, 8], []
71800, [2, 4, 6, 8], []
71900, [2, 4, 6, 8], []
72000, [2, 4, 6, 8], []
72100, [2, 4, 6, 8], []
72200, [2, 4, 6, 8], []
72300, [2, 4, 6, 8], []
72400, [2, 4, 6, 8], []
72500, [2, 4, 6, 8], []
72600, [2, 4, 6, 8], []
72700, [2, 4, 6, 8], []
72800, [2, 4, 6, 8], []
72900, [2, 4, 6, 8], []
73000, [2, 4, 6, 8], []
73100, [2, 4, 6, 8], []
35300, [2, 4, 6, 8], []
35400, [2, 4, 6, 8], []
35500, [2, 4, 6, 8], []
35600, [2, 4, 6, 8], []
35700, [2, 4, 6, 8], []
35800, [2, 4, 6, 8], []
35900, [2, 4, 6, 8], []
36000, [2, 4, 6, 8], []
36100, [2, 4, 6, 8], []
36200, [2, 4, 6, 8], []
36300, [2, 4, 6, 8], []
36400, [2, 4, 6, 8], []
36500, [2, 4, 6, 8], []
36600, [2, 4, 6, 8], []
36700, [2, 4, 6, 8], []
36800, [2, 4, 6, 8], []
36900, [2, 4, 6, 8], []
37000, [2, 4, 6, 8], []
37100, [2, 4, 6, 8], []
37200, [2, 4, 6, 8], []
37300, [2, 4, 6, 8], []
37400, [2, 4, 6, 8], []
37500, [2, 4, 6, 8], []
37600, [2, 4, 6, 8], []
37700, [2, 4, 6, 8], []
37800, [2, 4, 6, 8], []
37900, [2, 4, 6, 8], []
38000, [2, 4, 6, 8], []
38100, [2, 4, 6, 8], []
38200, [2, 4, 6, 8], []
38300, [2, 4, 6, 8], []
38400, [2, 4, 6, 8], []
38500, [2, 4, 6, 8], []
38600, [2, 4, 6, 8], []
38700, [2, 4, 6, 8], []
38800, [2, 4, 6, 8], []
38900, [2, 4, 6, 8], []
39000, [2, 4, 6, 8], []
39100, [2, 4, 6, 8], []
39200, [2, 4, 6, 8], []
39300, [2, 4, 6, 8], []
39400, [2, 4, 6, 8], []
39500, [2, 4, 6, 8], []
39600, [2, 4, 6, 8], []
39700, [2, 4, 6, 8], []
39800, [2, 4, 6, 8], []
39900, [2, 4, 6, 8], []
40000, [2, 4, 6, 8], []
40100, [2, 4, 6, 8], []
40200, [2, 4, 6, 8], []
40300, [2, 4, 6, 8], []
40400, [2, 4, 6, 8], []
40500, [2, 4, 6, 8], []
40600, [2, 4, 6, 8], []
40700, [2, 4, 6, 8], []
40800, [2, 4, 6, 8], []
40900, [2, 4, 6, 8], []
41000, [2, 4, 6, 8], []
41100, [2, 4, 6, 8], []
41200, [2, 4, 6, 8], []
41300, [2, 4, 6, 8], []
41400, [2, 4, 6, 8], []
41500, [2, 4, 6, 8], []
41600, [2, 4, 6, 8], []
41700, [2, 4, 6, 8], []
41800, [2, 4, 6, 8], []
41900, [2, 4, 6, 8], []
42000, [2, 4, 6, 8], []
42100, [2, 4, 6, 8], []
42200, [2, 4, 6, 8], []
42300, [2, 4, 6, 8], []
42400, [2, 4, 6, 8], []
42500, [2, 4, 6, 8], []
42600, [2, 4, 6, 8], []
42700, [2, 4, 6, 8], []
42800, [2, 4, 6, 8], []
42900, [2, 4, 6, 8], []
43000, [2, 4, 6, 8], []
43100, [2, 4, 6, 8], []
43200, [2, 4, 6, 8], []
43300, [2, 4, 6, 8], []
43400, [2, 4, 6, 8], []
43500, [2, 4, 6, 8], []
43600, [2, 4, 6, 8], []
43700, [2, 4, 6, 8], []
43800, [2, 4, 6, 8], []
43900, [2, 4, 6, 8], []
44000, [2, 4, 6, 8], []
44100, [2, 4, 6, 8], []
44200, [2, 4, 6, 8], []
44300, [2, 4, 6, 8], []
44400, [2, 4, 6, 8], []
44500, [2, 4, 6, 8], []
44600, [2, 4, 6, 8], []
44700, [2, 4, 6, 8], []
44800, [2, 4, 6, 8], []
44900, [2, 4, 6, 8], []
45000, [2, 4, 6, 8], []
45100, [2, 4, 6, 8], []
45200, [2, 4, 6, 8], []
45300, [2, 4, 6, 8], []
45400, [2, 4, 6, 8], []
45500, [2, 4, 6, 8], []
45600, [2, 4, 6, 8], []
45700, [2, 4, 6, 8], []
45800, [2, 4, 6, 8], []
45900, [2, 4, 6, 8], []
46000, [2, 4, 6, 8], []
46100, [2, 4, 6, 8], []
46200, [2, 4, 6, 8], []
46300, [2, 4, 6, 8], []
46400, [2, 4, 6, 8], []
46500, [2, 4, 6, 8], []
46600, [2, 4, 6, 8], []
46700, [2, 4, 6, 8], []
46800, [2, 4, 6, 8], []
46900, [2, 4, 6, 8], []
47000, [2, 4, 6, 8], []
47100, [2, 4, 6, 8], []
47200, [2, 4, 6, 8], []
47300, [2, 4, 6, 8], []
47400, [2, 4, 6, 8], []
47500, [2, 4, 6, 8], []
47600, [2, 4, 6, 8], []
47700, [2, 4, 6, 8], []
47800, [2, 4, 6, 8], []
47900, [2, 4, 6, 8], []
48000, [2, 4, 6, 8], []
48100, [2, 4, 6, 8], []
48200, [2, 4, 6, 8], []
48300, [2, 4, 6, 8], []
48400, [2, 4, 6, 8], []
48500, [2, 4, 6, 8], []
48600, [2, 4, 6, 8], []
48700, [2, 4, 6, 8], []
48800, [2, 4, 6, 8], []
48900, [2, 4, 6, 8], []
49000, [2, 4, 6, 8], []
49100, [2, 4, 6, 8], []
49200, [2, 4, 6, 8], []
49300, [2, 4, 6, 8], []
49400, [2, 4, 6, 8], []
49500, [2, 4, 6, 8], []
49600, [2, 4, 6, 8], []
49700, [2, 4, 6, 8], []
49800, [2, 4, 6, 8], []
49900, [2, 4, 6, 8], []
50000, [2, 4, 6, 8], []
50100, [2, 4, 6, 8], []
50200, [2, 4, 6, 8], []
50300, [2, 4, 6, 8], []
50400, [2, 4, 6, 8], []
50500, [2, 4, 6, 8], []
50600, [2, 4, 6, 8], []
50700, [2, 4, 6, 8], []
50800, [2, 4, 6, 8], []
50900, [2, 4, 6, 8], []
51000, [2, 4, 6, 8], []
51100, [2, 4, 6, 8], []
51200, [2, 4, 6, 8], []
51300, [2, 4, 6, 8], []
51400, [2, 4, 6, 8], []
51500, [2, 4, 6, 8], []
51600, [2, 4, 6, 8], []
51700, [2, 4, 6, 8], []
51800, [2, 4, 6, 8], []
51900, [2, 4, 6, 8], []
52000, [2, 4, 6, 8], []
52100, [2, 4, 6, 8], []
52200, [2, 4, 6, 8], []
52300, [2, 4, 6, 8], []
52400, [2, 4, 6, 8], []
52500, [2, 4, 6, 8], []
52600, [2, 4, 6, 8], []
52700, [2, 4, 6, 8], []
52800, [2, 4, 6, 8], []
52900, [2, 4, 6, 8], []
53000, [2, 4, 6, 8], []
53100, [2, 4, 6, 8], []
53200, [2, 4, 6, 8], []
53300, [2, 4, 6, 8], []
53400, [2, 4, 6, 8], []
53500, [2, 4, 6, 8], []
53600, [2, 4, 6, 8], []
53700, [2, 4, 6, 8], []
53800, [2, 4, 6, 8], []
53900, [2, 4, 6, 8], []
54000, [2, 4, 6, 8], []
54100, [2, 4, 6, 8], []
54200, [2, 4, 6, 8], []
54300, [2, 4, 6, 8], []
54400, [2, 4, 6, 8], []
54500, [2, 4, 6, 8], []
54600, [2, 4, 6, 8], []
54700, [2, 4, 6, 8], []
54800, [2, 4, 6, 8], []
54900, [2, 4, 6, 8], []
55000, [2, 4, 6, 8], []
55100, [2, 4, 6, 8], []
55200, [2, 4, 6, 8], []
55300, [2, 4, 6, 8], []
55400, [2, 4, 6, 8], []
55500, [2, 4, 6, 8], []
55600, [2, 4, 6, 8], []
55700, [2, 4, 6, 8], []
55800, [2, 4, 6, 8], []
55900, [2, 4, 6, 8], []
56000, [2, 4, 6, 8], []
56100, [2, 4, 6, 8], []
56200, [2, 4, 6, 8], []
56300, [2, 4, 6, 8], []
56400, [2, 4, 6, 8], []
56500, [2, 4, 6, 8], []
56600, [2, 4, 6, 8], []
56700, [2, 4, 6, 8], []
56800, [2, 4, 6, 8], []
56900, [2, 4, 6, 8], []
57000, [2, 4, 6, 8], []
57100, [2, 4, 6, 8], []
57200, [2, 4, 6, 8], []
57300, [2, 4, 6, 8], []
57400, [2, 4, 6, 8], []
57500, [2, 4, 6, 8], []
57600, [2, 4, 6, 8], []
57700, [2, 4, 6, 8], []
57800, [2, 4, 6, 8], []
57900, [2, 4, 6, 8], []
58000, [2, 4, 6, 8], []
58100, [2, 4, 6, 8], []
58200, [2, 4, 6, 8], []
58300, [2, 4, 6, 8], []
58400, [2, 4, 6, 8], []
58500, [2, 4, 6, 8], []
58600, [2, 4, 6, 8], []
58700, [2, 4, 6, 8], []
58800, [2, 4, 6, 8], []
58900, [2, 4, 6, 8], []
59000, [2, 4, 6, 8], []
59100, [2, 4, 6, 8], []
59200, [2, 4, 6, 8], []
59300, [2, 4, 6, 8], []
59400, [2, 4, 6, 8], []
59500, [2, 4, 6, 8], []
59600, [2, 4, 6, 8], []
59700, [2, 4, 6, 8], []
59800, [2, 4, 6, 8], []
59900, [2, 4, 6, 8], []
60000, [2, 4, 6, 8], []
60100, [2, 4, 6, 8], []
60200, [2, 4, 6, 8], []
60300, [2, 4, 6, 8], []
60400, [2, 4, 6, 8], []
60500, [2, 4, 6, 8], []
60600, [2, 4, 6, 8], []
60700, [2, 4, 6, 8], []
60800, [2, 4, 6, 8], []
60900, [2, 4, 6, 8], []
61000, [2, 4, 6, 8], []
61100, [2, 4, 6, 8], []
61200, [2, 4, 6, 8], []
61300, [2, 4, 6, 8], []
61400, [2, 4, 6, 8], []
61500, [2, 4, 6, 8], []
61600, [2, 4, 6, 8], []
61700, [2, 4, 6, 8], []
61800, [2, 4, 6, 8], []
61900, [2, 4, 6, 8], []
62000, [2, 4, 6, 8], []
62100, [2, 4, 6, 8], []
62200, [2, 4, 6, 8], []
62300, [2, 4, 6, 8], []
62400, [2, 4, 6, 8], []
62500, [2, 4, 6, 8], []
62600, [2, 4, 6, 8], []
62700, [2, 4, 6, 8], []
62800, [2, 4, 6, 8], []
62900, [2, 4, 6, 8], []
63000, [2, 4, 6, 8], []
63100, [2, 4, 6, 8], []
63200, [2, 4, 6, 8], []
63300, [2, 4, 6, 8], []
63400, [2, 4, 6, 8], []
63500, [2, 4, 6, 8], []
63600, [2, 4, 6, 8], []
63700, [2, 4, 6, 8], []
63800, [2, 4, 6, 8], []
63900, [2, 4, 6, 8], []
64000, [2, 4, 6, 8], []
64100, [2, 4, 6, 8], []
64200, [2, 4, 6, 8], []
64300, [2, 4, 6, 8], []
64400, [2, 4, 6, 8], []
64500, [2, 4, 6, 8], []
64600, [2, 4, 6, 8], []
64700, [2, 4, 6, 8], []
64800, [2, 4, 6, 8], []
64900, [2, 4, 6, 8], []
65000, [2, 4, 6, 8], []
65100, [2, 4, 6, 8], []
65200, [2, 4, 6, 8], []
65300, [2, 4, 6, 8], []
65400, [2, 4, 6, 8], []
65500, [2, 4, 6, 8], []
65600, [2, 4, 6, 8], []
65700, [2, 4, 6, 8], []
65800, [2, 4, 6, 8], []
65900, [2, 4, 6, 8], []
66000, [2, 4, 6, 8], []
66100, [2, 4, 6, 8], []
66200, [2, 4, 6, 8], []
66300, [2, 4, 6, 8], []
66400, [2, 4, 6, 8], []
66500, [2, 4, 6, 8], []
66600, [2, 4, 6, 8], []
66700, [2, 4, 6, 8], []
66800, [2, 4, 6, 8], []
66900, [2, 4, 6, 8], []
67000, [2, 4, 6, 8], []
67100, [2, 4, 6, 8], []
67200, [2, 4, 6, 8], []
67300, [2, 4, 6, 8], []
67400, [2, 4, 6, 8], []
67500, [2, 4, 6, 8], []
67600, [2, 4, 6, 8], []
67700, [2, 4, 6, 8], []
67800, [2, 4, 6, 8], []
67900, [2, 4, 6, 8], []
68000, [2, 4, 6, 8], []
68100, [2, 4, 6, 8], []
68200, [2, 4, 6, 8], []
68300, [2, 4, 6, 8], []
68400, [2, 4, 6, 8], []
68500, [2, 4, 6, 8], []
68600, [2, 4, 6, 8], []
68700, [2, 4, 6, 8], []
68800, [2, 4, 6, 8], []
68900, [2, 4, 6, 8], []
69000, [2, 4, 6, 8], []
69100, [2, 4, 6, 8], []
69200, [2, 4, 6, 8], []
69300, [2, 4, 6, 8], []
69400, [2, 4, 6, 8], []
69500, [2, 4, 6, 8], []
69600, [2, 4, 6, 8], []
69700, [2, 4, 6, 8], []
69800, [2, 4, 6, 8], []
69900, [2, 4, 6, 8], []
70000, [2, 4, 6, 8], []
70100, [2, 4, 6, 8], []
70200, [2, 4, 6, 8], []
70300, [2, 4, 6, 8], []
70400, [2, 4, 6, 8], []
70500, [2, 4, 6, 8], []
70600, [2, 4, 6, 8], []
70700, [2, 4, 6, 8], []
70800, [2, 4, 6, 8], []
70900, [2, 4, 6, 8], []
71000, [2, 4, 6, 8], []
71100, [2, 4, 6, 8], []
71200, [2, 4, 6, 8], []
71300, [2, 4, 6, 8], []
71400, [2, 4, 6, 8], []
71500, [2, 4, 6, 8], []
71600, [2, 4, 6, 8], []
71700, [2, 4, 6, 8], []
71800, [2, 4, 6, 8], []
71900, [2, 4, 6, 8], []
72000, [2, 4, 6, 8], []
72100, [2, 4, 6, 8], []
72200, [2, 4, 6, 8], []
72300, [2, 4, 6, 8], []
72400, [2, 4, 6, 8], []
72500, [2, 4, 6, 8], []
72600, [2, 4, 6, 8], []
72700, [2, 4, 6, 8], []
72800, [2, 4, 6, 8], []
72900, [2, 4, 6, 8], []
73000, [2, 4, 6, 8], []
73100, [2, 4, 6, 8], []
73200, [2, 4, 6, 8], []
73300, [2, 4, 6, 8], []
73400, [2, 4, 6, 8], []
73500, [2, 4, 6, 8], []
73600, [2, 4, 6, 8], []
73700, [2, 4, 6, 8], []
73800, [2, 4, 6, 8], []
73900, [2, 4, 6, 8], []
74000, [2, 4, 6, 8], []
74100, [2, 4, 6, 8], []
74200, [2, 4, 6, 8], []
74300, [2, 4, 6, 8], []
74400, [2, 4, 6, 8], []
74500, [2, 4, 6, 8], []
74600, [2, 4, 6, 8], []
74700, [2, 4, 6, 8], []
74800, [2, 4, 6, 8], []
74900, [2, 4, 6, 8], []
75000, [2, 4, 6, 8], []
75100, [2, 4, 6, 8], []
75200, [2, 4, 6, 8], []
75300, [2, 4, 6, 8], []
75400, [2, 4, 6, 8], []
75500, [2, 4, 6, 8], []
75600, [2, 4, 6, 8], []
75700, [2, 4, 6, 8], []
75800, [2, 4, 6, 8], []
75900, [2, 4, 6, 8], []
76000, [2, 4, 6, 8], []
76100, [2, 4, 6, 8], []
76200, [2, 4, 6, 8], []
76300, [2, 4, 6, 8], []
76400, [2, 4, 6, 8], []
76500, [2, 4, 6, 8], []
76600, [2, 4, 6, 8], []
76700, [2, 4, 6, 8], []
76800, [2, 4, 6, 8], []
76900, [2, 4, 6, 8], []
77000, [2, 4, 6, 8], []
77100, [2, 4, 6, 8], []
77200, [2, 4, 6, 8], []
77300, [2, 4, 6, 8], []
77400, [2, 4, 6, 8], []
77500, [2, 4, 6, 8], []
77600, [2, 4, 6, 8], []
77700, [2, 4, 6, 8], []
77800, [2, 4, 6, 8], []
77900, [2, 4, 6, 8], []
78000, [2, 4, 6, 8], []
78100, [2, 4, 6, 8], []
78200, [2, 4, 6, 8], []
78300, [2, 4, 6, 8], []
78400, [2, 4, 6, 8], []
78500, [2, 4, 6, 8], []
78600, [2, 4, 6, 8], []
78700, [2, 4, 6, 8], []
78800, [2, 4, 6, 8], []
78900, [2, 4, 6, 8], []
79000, [2, 4, 6, 8], []
79100, [2, 4, 6, 8], []
79200, [2, 4, 6, 8], []
79300, [2, 4, 6, 8], []
79400, [2, 4, 6, 8], []
79500, [2, 4, 6, 8], []
79600, [2, 4, 6, 8], []
79700, [2, 4, 6, 8], []
79800, [2, 4, 6, 8], []
79900, [2, 4, 6, 8], []
80000, [2, 4, 6, 8], []
80100, [2, 4, 6, 8], []
80200, [2, 4, 6, 8], []
80300, [2, 4, 6, 8], []
80400, [2, 4, 6, 8], []
80500, [2, 4, 6, 8], []
80600, [2, 4, 6, 8], []
80700, [2, 4, 6, 8], []
80800, [2, 4, 6, 8], []
80900, [2, 4, 6, 8], []
81000, [2, 4, 6, 8], []
81100, [2, 4, 6, 8], []
81200, [2, 4, 6, 8], []
81300, [2, 4, 6, 8], []
81400, [2, 4, 6, 8], []
81500, [2, 4, 6, 8], []
81600, [2, 4, 6, 8], []
81700, [2, 4, 6, 8], []
81800, [2, 4, 6, 8], []
81900, [2, 4, 6, 8], []
82000, [2, 4, 6, 8], []
82100, [2, 4, 6, 8], []
82200, [2, 4, 6, 8], []
82300, [2, 4, 6, 8], []
82400, [2, 4, 6, 8], []
82500, [2, 4, 6, 8], []
82600, [2, 4, 6, 8], []
82700, [2, 4, 6, 8], []
82800, [2, 4, 6, 8], []
82900, [2, 4, 6, 8], []
83000, [2, 4, 6, 8], []
83100, [2, 4, 6, 8], []
83200, [2, 4, 6, 8], []
83300, [2, 4, 6, 8], []
83400, [2, 4, 6, 8], []
83500, [2, 4, 6, 8], []
83600, [2, 4, 6, 8], []
83700, [2, 4, 6, 8], []
83800, [2, 4, 6, 8], []
83900, [2, 4, 6, 8], []
84000, [2, 4, 6, 8], []
84100, [2, 4, 6, 8], []
84200, [2, 4, 6, 8], []
84300, [2, 4, 6, 8], []
84400, [2, 4, 6, 8], []
84500, [2, 4, 6, 8], []
84600, [2, 4, 6, 8], []
84700, [2, 4, 6, 8], []
84800, [2, 4, 6, 8], []
84900, [2, 4, 6, 8], []
85000, [2, 4, 6, 8], []
85100, [2, 4, 6, 8], []
85200, [2, 4, 6, 8], []
85300, [2, 4, 6, 8], []
85400, [2, 4, 6, 8], []
85500, [2, 4, 6, 8], []
85600, [2, 4, 6, 8], []
85700, [2, 4, 6, 8], []
85800, [2, 4, 6, 8], []
85900, [2, 4, 6, 8], []
86000, [2, 4, 6, 8], []
86100, [2, 4, 6, 8], []
86200, [2, 4, 6, 8], []
86300, [2, 4, 6, 8], []
86400, [2, 4, 6, 8], []
86500, [2, 4, 6, 8], []
86600, [2, 4, 6, 8], []
86700, [2, 4, 6, 8], []
86800, [2, 4, 6, 8], []
86900, [2, 4, 6, 8], []
87000, [2, 4, 6, 8], []
87100, [2, 4, 6, 8], []
87200, [2, 4, 6, 8], []
87300, [2, 4, 6, 8], []
87400, [2, 4, 6, 8], []
87500, [2, 4, 6, 8], []
87600, [2, 4, 6, 8], []
87700, [2, 4, 6, 8], []
87800, [2, 4, 6, 8], []
87900, [2, 4, 6, 8], []
88000, [2, 4, 6, 8], []
88100, [2, 4, 6, 8], []
88200, [2, 4, 6, 8], []
88300, [2, 4, 6, 8], []
88400, [2, 4, 6, 8], []
88500, [2, 4, 6, 8], []
88600, [2, 4, 6, 8], []
88700, [2, 4, 6, 8], []
88800, [2, 4, 6, 8], []
88900, [2, 4, 6, 8], []
89000, [2, 4, 6, 8], []
89100, [2, 4, 6, 8], []
89200, [2, 4, 6, 8], []
89300, [2, 4, 6, 8], []
89400, [2, 4, 6, 8], []
89500, [2, 4, 6, 8], []
89600, [2, 4, 6, 8], []
89700, [2, 4, 6, 8], []
89800, [2, 4, 6, 8], []
89900, [2, 4, 6, 8], []
90000, [2, 4, 6, 8], []
90100, [2, 4, 6, 8], []
90200, [2, 4, 6, 8], []
90300, [2, 4, 6, 8], []
90400, [2, 4, 6, 8], []
90500, [2, 4, 6, 8], []
90600, [2, 4, 6, 8], []
90700, [2, 4, 6, 8], []
90800, [2, 4, 6, 8], []
90900, [2, 4, 6, 8], []
91000, [2, 4, 6, 8], []
91100, [2, 4, 6, 8], []
91200, [2, 4, 6, 8], []
91300, [2, 4, 6, 8], []
91400, [2, 4, 6, 8], []
91500, [2, 4, 6, 8], []
91600, [2, 4, 6, 8], []
91700, [2, 4, 6, 8], []
91800, [2, 4, 6, 8], []
91900, [2, 4, 6, 8], []
92000, [2, 4, 6, 8], []
92100, [2, 4, 6, 8], []
92200, [2, 4, 6, 8], []
92300, [2, 4, 6, 8], []
92400, [2, 4, 6, 8], []
92500, [2, 4, 6, 8], []
92600, [2, 4, 6, 8], []
92700, [2, 4, 6, 8], []
92800, [2, 4, 6, 8], []
92900, [2, 4, 6, 8], []
93000, [2, 4, 6, 8], []
93100, [2, 4, 6, 8], []
93200, [2, 4, 6, 8], []
93300, [2, 4, 6, 8], []
93400, [2, 4, 6, 8], []
93500, [2, 4, 6, 8], []
93600, [2, 4, 6, 8], []
93700, [2, 4, 6, 8], []
93800, [2, 4, 6, 8], []
93900, [2, 4, 6, 8], []
94000, [2, 4, 6, 8], []
94100, [2, 4, 6, 8], []
94200, [2, 4, 6, 8], []
94300, [2, 4, 6, 8], []
94400, [2, 4, 6, 8], []
94500, [2, 4, 6, 8], []
94600, [2, 4, 6, 8], []
94700, [2, 4, 6, 8], []
94800, [2, 4, 6, 8], []
94900, [2, 4, 6, 8], []
95000, [2, 4, 6, 8], []
95100, [2, 4, 6, 8], []
95200, [2, 4, 6, 8], []
95300, [2, 4, 6, 8], []
95400, [2, 4, 6, 8], []
95500, [2, 4, 6, 8], []
95600, [2, 4, 6, 8], []
95700, [2, 4, 6, 8], []
95800, [2, 4, 6, 8], []
95900, [2, 4, 6, 8], []
96000, [2, 4, 6, 8], []
96100, [2, 4, 6, 8], []
96200, [2, 4, 6, 8], []
96300, [2, 4, 6, 8], []
96400, [2, 4, 6, 8], []
96500, [2, 4, 6, 8], []
96600, [2, 4, 6, 8], []
96700, [2, 4, 6, 8], []
96800, [2, 4, 6, 8], []
96900, [2, 4, 6, 8], []
97000, [2, 4, 6, 8], []
97100, [2, 4, 6, 8], []
97200, [2, 4, 6, 8], []
97300, [2, 4, 6, 8], []
97400, [2, 4, 6, 8], []
97500, [2, 4, 6, 8], []
97600, [2, 4, 6, 8], []
97700, [2, 4, 6, 8], []
97800, [2, 4, 6, 8], []
97900, [2, 4, 6, 8], []
98000, [2, 4, 6, 8], []
98100, [2, 4, 6, 8], []
98200, [2, 4, 6, 8], []
98300, [2, 4, 6, 8], []
98400, [2, 4, 6, 8], []
98500, [2, 4, 6, 8], []
98600, [2, 4, 6, 8], []
98700, [2, 4, 6, 8], []
98800, [2, 4, 6, 8], []
98900, [2, 4, 6, 8], []
99000, [2, 4, 6, 8], []
99100, [2, 4, 6, 8], []
99200, [2, 4, 6, 8], []
99300, [2, 4, 6, 8], []
99400, [2, 4, 6, 8], []
99500, [2, 4, 6, 8], []
99600, [2, 4, 6, 8], []
99700, [2, 4, 6, 8], []
99800, [2, 4, 6, 8], []
99900, [2, 4, 6, 8], []
100000, [2, 4, 6, 8], []
100100, [2, 4, 6, 8], []
100200, [2, 4, 6, 8], []
100300, [2, 4, 6, 8], []
100400, [2, 4, 6, 8], []
100500, [2, 4, 6, 8], []
100600, [2, 4, 6, 8], []
100700, [2, 4, 6, 8], []
100800, [2, 4, 6, 8], []
100900, [2, 4, 6, 8], []
101000, [2, 4, 6, 8], []
101100, [2, 4, 6, 8], []
101200, [2, 4, 6, 8], []
101300, [2, 4, 6, 8], []
101400, [2, 4, 6, 8], []
101500, [2, 4, 6, 8], []
101600, [2, 4, 6, 8], []
101700, [2, 4, 6, 8], []
101800, [2, 4, 6, 8], []
101900, [2, 4, 6, 8], []
102000, [2, 4, 6, 8], []
102100, [2, 4, 6, 8], []
102200, [2, 4, 6, 8], []
102300, [2, 4, 6, 8], []
102400, [2, 4, 6, 8], []
102500, [2, 4, 6, 8], []
102600, [2, 4, 6, 8], []
102700, [2, 4, 6, 8], []
102800, [2, 4, 6, 8], []
102900, [2, 4, 6, 8], []
103000, [2, 4, 6, 8], []
103100, [2, 4, 6, 8], []
103200, [2, 4, 6, 8], []
103300, [2, 4, 6, 8], []
103400, [2, 4, 6, 8], []
103500, [2, 4, 6, 8], []
103600, [2, 4, 6, 8], []
103700, [2, 4, 6, 8], []
103800, [2, 4, 6, 8], []
103900, [2, 4, 6, 8], []
104000, [2, 4, 6, 8], []
104100, [2, 4, 6, 8], []
104200, [2, 4, 6, 8], []
104300, [2, 4, 6, 8], []
104400, [2, 4, 6, 8], []
104500, [2, 4, 6, 8], []
104600, [2, 4, 6, 8], []
104700, [2, 4, 6, 8], []
104800, [2, 4, 6, 8], []
104900, [2, 4, 6, 8], []
105000, [2, 4, 6, 8], []
105100, [2, 4, 6, 8], []
105200, [2, 4, 6, 8], []
105300, [2, 4, 6, 8], []
105400, [2, 4, 6, 8], []
105500, [2, 4, 6, 8], []
105600, [2, 4, 6, 8], []
105700, [2, 4, 6, 8], []
105800, [2, 4, 6, 8], []
105900, [2, 4, 6, 8], []
106000, [2, 4, 6, 8], []
106100, [2, 4, 6, 8], []
106200, [2, 4, 6, 8], []
106300, [2, 4, 6, 8], []
106400, [2, 4, 6, 8], []
106500, [2, 4, 6, 8], []
106600, [2, 4, 6, 8], []
106700, [2, 4, 6, 8], []
106800, [2, 4, 6, 8], []
106900, [2, 4, 6, 8], []
107000, [2, 4, 6, 8], []
107100, [2, 4, 6, 8], []
107200, [2, 4, 6, 8], []
107300, [2, 4, 6, 8], []
107400, [2, 4, 6, 8], []
107500, [2, 4, 6, 8], []
107600, [2, 4, 6, 8], []
107700, [2, 4, 6, 8], []
107800, [2, 4, 6, 8], []
107900, [2, 4, 6, 8], []
108000, [2, 4, 6, 8], []
108100, [2, 4, 6, 8], []
108200, [2, 4, 6, 8], []
108300, [2, 4, 6, 8], []
108400, [2, 4, 6, 8], []
108500, [2, 4, 6, 8], []
108600, [2, 4, 6, 8], []
108700, [2, 4, 6, 8], []
108800, [2, 4, 6, 8], []
108900, [2, 4, 6, 8], []
109000, [2, 4, 6, 8], []
109100, [2, 4, 6, 8], []
109200, [2, 4, 6, 8], []
109300, [2, 4, 6, 8], []
109400, [2, 4, 6, 8], []
109500, [2, 4, 6, 8], []
109600, [2, 4, 6, 8], []
109700, [2, 4, 6, 8], []
109800, [2, 4, 6, 8], []
109900, [2, 4, 6, 8], []
110000, [2, 4, 6, 8], []
110100, [2, 4, 6, 8], []
110200, [2, 4, 6, 8], []
110300, [2, 4, 6, 8], []
110400, [2, 4, 6, 8], []
110500, [2, 4, 6, 8], []
110600, [2, 4, 6, 8], []
110700, [2, 4, 6, 8], []
110800, [2, 4, 6, 8], []
110900, [2, 4, 6, 8], []
111000, [2, 4, 6, 8], []
111100, [2, 4, 6, 8], []
111200, [2, 4, 6, 8], []
111300, [2, 4, 6, 8], []
111400, [2, 4, 6, 8], []
111500, [2, 4, 6, 8], []
111600, [2, 4, 6, 8], []
111700, [2, 4, 6, 8], []
111800, [2, 4, 6, 8], []
111900, [2, 4, 6, 8], []
112000, [2, 4, 6, 8], []
112100, [2, 4, 6, 8], []
112200, [2, 4, 6, 8], []
112300, [2, 4, 6, 8], []
112400, [2, 4, 6, 8], []
112500, [2, 4, 6, 8], []
112600, [2, 4, 6, 8], []
112700, [2, 4, 6, 8], []
112800, [2, 4, 6, 8], []
112900, [2, 4, 6, 8], []
113000, [2, 4, 6, 8], []
113100, [2, 4, 6, 8], []
113200, [2, 4, 6, 8], []
113300, [2, 4, 6, 8], []
113400, [2, 4, 6, 8], []
113500, [2, 4, 6, 8], []
113600, [2, 4, 6, 8], []
113700, [2, 4, 6, 8], []
113800, [2, 4, 6, 8], []
113900, [2, 4, 6, 8], []
114000, [2, 4, 6, 8], []
114100, [2, 4, 6, 8], []
114200, [2, 4, 6, 8], []
114300, [2, 4, 6, 8], []
114400, [2, 4, 6, 8], []
114500, [2, 4, 6, 8], []
114600, [2, 4, 6, 8], []
114700, [2, 4, 6, 8], []
114800, [2, 4, 6, 8], []
114900, [2, 4, 6, 8], []
115000, [2, 4, 6, 8], []
115100, [2, 4, 6, 8], []
115200, [2, 4, 6, 8], []
115300, [2, 4, 6, 8], []
115400, [2, 4, 6, 8], []
115500, [2, 4, 6, 8], []
115600, [2, 4, 6, 8], []
115700, [2, 4, 6, 8], []
115800, [2, 4, 6, 8], []
115900, [2, 4, 6, 8], []
116000, [2, 4, 6, 8], []
116100, [2, 4, 6, 8], []
116200, [2, 4, 6, 8], []
116300, [2, 4, 6, 8], []
116400, [2, 4, 6, 8], []
116500, [2, 4, 6, 8], []
116600, [2, 4, 6, 8], []
116700, [2, 4, 6, 8], []
116800, [2, 4, 6, 8], []
116900, [2, 4, 6, 8], []
117000, [2, 4, 6, 8], []
117100, [2, 4, 6, 8], []
117200, [2, 4, 6, 8], []
117300, [2, 4, 6, 8], []
117400, [2, 4, 6, 8], []
117500, [2, 4, 6, 8], []
117600, [2, 4, 6, 8], []
117700, [2, 4, 6, 8], []
117800, [2, 4, 6, 8], []
117900, [2, 4, 6, 8], []
118000, [2, 4, 6, 8], []
118100, [2, 4, 6, 8], []
118200, [2, 4, 6, 8], []
118300, [2, 4, 6, 8], []
118400, [2, 4, 6, 8], []
118500, [2, 4, 6, 8], []
118600, [2, 4, 6, 8], []
118700, [2, 4, 6, 8], []
118800, [2, 4, 6, 8], []
118900, [2, 4, 6, 8], []
119000, [2, 4, 6, 8], []
119100, [2, 4, 6, 8], []
119200, [2, 4, 6, 8], []
119300, [2, 4, 6, 8], []
119400, [2, 4, 6, 8], []
119500, [2, 4, 6, 8], []
119600, [2, 4, 6, 8], []
119700, [2, 4, 6, 8], []
119800, [2, 4, 6, 8], []
119900, [2, 4, 6, 8], []
120000, [2, 4, 6, 8], []
120100, [2, 4, 6, 8], []
120200, [2, 4, 6, 8], []
120300, [2, 4, 6, 8], []
120400, [2, 4, 6, 8], []
120500, [2, 4, 6, 8], []
120600, [2, 4, 6, 8], []
120700, [2, 4, 6, 8], []
120800, [2, 4, 6, 8], []
120900, [2, 4, 6, 8], []
120900, [2, 4, 6, 8], []
121100, [2, 4, 6, 8], []
121200, [2, 4, 6, 8], []
121300, [2, 4, 6, 8], []
121400, [2, 4, 6, 8], []
121500, [2, 4, 6, 8], []
121600, [2, 4, 6, 8], []
121700, [2, 4, 6, 8], []
121800, [2, 4, 6, 8], []
121900, [2, 4, 6, 8], []
122000, [2, 4, 6, 8], []
122100, [2, 4, 6, 8], []
122200, [2, 4, 6, 8], []
122300, [2, 4, 6, 8], []
122400, [2, 4, 6, 8], []
122500, [2, 4, 6, 8], []
122600, [2, 4, 6, 8], []
122700, [2, 4, 6, 8], []
122800, [2, 4, 6, 8], []
122900, [2, 4, 6, 8], []
123000, [2, 4, 6, 8], []
123100, [2, 4, 6, 8], []
123200, [2, 4, 6, 8], []
123300, [2, 4, 6, 8], []
123400, [2, 4, 6, 8], []
123500, [2, 4, 6, 8], []
123600, [2, 4, 6, 8], []
123700, [2, 4, 6, 8], []
123800, [2, 4, 6, 8], []
123900, [2, 4, 6, 8], []
124000, [2, 4, 6, 8], []
124100, [2, 4, 6, 8], []
124200, [2, 4, 6, 8], []
124300, [2, 4, 6, 8], []
124400, [2, 4, 6, 8], []
124500, [2, 4, 6, 8], []
124600, [2, 4, 6, 8], []
124700, [2, 4, 6, 8], []
124800, [2, 4, 6, 8], []
124900, [2, 4, 6, 8], []
125000, [2, 4, 6, 8], []
125100, [2, 4, 6, 8], []
125200, [2, 4, 6, 8], []
125300, [2, 4, 6, 8], []
125400, [2, 4, 6, 8], []
125500, [2, 4, 6, 8], []
125600, [2, 4, 6, 8], []
125700, [2, 4, 6, 8], []
125800, [2, 4, 6, 8], []
125900, [2, 4, 6, 8], []
126000, [2, 4, 6, 8], []
126100, [2, 4, 6, 8], []
126200, [2, 4, 6, 8], []
126300, [2, 4, 6, 8], []
126400, [2, 4, 6, 8], []
126500, [2, 4, 6, 8], []
126600, [2, 4, 6, 8], []
126700, [2, 4, 6, 8], []
126800, [2, 4, 6, 8], []
126900, [2, 4, 6, 8], []
127000, [2, 4, 6, 8], []
127100, [2, 4, 6, 8], []
127200, [2, 4, 6, 8], []
127300, [2, 4, 6, 8], []
127400, [2, 4, 6, 8], []
127500, [2, 4, 6, 8], []
127600, [2, 4, 6, 8], []
127700, [2, 4, 6, 8], []
127800, [2, 4, 6, 8], []
127900, [2, 4, 6, 8], []
128000, [2, 4, 6, 8], []
128100, [2, 4, 6, 8], []
128200, [2, 4, 6, 8], []
128300, [2, 4, 6, 8], []
128400, [2, 4, 6, 8], []
128500, [2, 4, 6, 8], []
128600, [2, 4, 6, 8], []
128700, [2, 4, 6, 8], []
128800, [2, 4, 6, 8], []
128900, [2, 4, 6, 8], []
129000, [2, 4, 6, 8], []
129100, [2, 4, 6, 8], []
129200, [2, 4, 6, 8], []
129300, [2, 4, 6, 8], []
129400, [2, 4, 6, 8], []
129500, [2, 4, 6, 8], []
129600, [2, 4, 6, 8], []
129700, [2, 4, 6, 8], []
129800, [2, 4, 6, 8], []
129900, [2, 4, 6, 8], []
130000, [2, 4, 6, 8], []
130100, [2, 4, 6, 8], []
130200, [2, 4, 6, 8], []
130300, [2, 4, 6, 8], []
130400, [2, 4, 6, 8], []
130500, [2, 4, 6, 8], []
130600, [2, 4, 6, 8], []
130700, [2, 4, 6, 8], []
130800, [2, 4, 6, 8], []
130900, [2, 4, 6, 8], []
131000, [2, 4, 6, 8], []
131100, [2, 4, 6, 8], []
131200, [2, 4, 6, 8], []
131300, [2, 4, 6, 8], []
131400, [2, 4, 6, 8], []
131500, [2, 4, 6, 8], []
131600, [2, 4, 6, 8], []
131700, [2, 4, 6, 8], []
131800, [2, 4, 6, 8], []
131900, [2, 4, 6, 8], []
132000, [2, 4, 6, 8], []
132100, [2, 4, 6, 8], []
132200, [2, 4, 6, 8], []
132300, [2, 4, 6, 8], []
132400, [2, 4, 6, 8], []
132500, [2, 4, 6, 8], []
132600, [2, 4, 6, 8], []
132700, [2, 4, 6, 8], []
132800, [2, 4, 6, 8], []
132900, [2, 4, 6, 8], []
133000, [2, 4, 6, 8], []
133100, [2, 4, 6, 8], []
133200, [2, 4, 6, 8], []
133300, [2, 4, 6, 8], []
133400, [2, 4, 6, 8], []
133500, [2, 4, 6, 8], []
133600, [2, 4, 6, 8], []
133700, [2, 4, 6, 8], []
133800, [2, 4, 6, 8], []
133900, [2, 4, 6, 8], []
134000, [2, 4, 6, 8], []
134100, [2, 4, 6, 8], []
134200, [2, 4, 6, 8], []
134300, [2, 4, 6, 8], []
134400, [2, 4, 6, 8], []
134500, [2, 4, 6, 8], []
134600, [2, 4, 6, 8], []
134700, [2, 4, 6, 8], []
134800, [2, 4, 6, 8], []
134900, [2, 4, 6, 8], []
135000, [2, 4, 6, 8], []
135100, [2, 4, 6, 8], []
135200, [2, 4, 6, 8], []
135300, [2, 4, 6, 8], []
135400, [2, 4, 6, 8], []
135500, [2, 4, 6, 8], []
135600, [2, 4, 6, 8], []
100, [2, 4, 6, 8], []
300, [2, 4, 6, 8], []
400, [2, 4, 6, 8], []
500, [2, 4, 6, 8], []
600, [2, 4, 6, 8], []
700, [2, 4, 6, 8], []
800, [2, 4, 6, 8], []
900, [2, 4, 6, 8], []
1000, [2, 4, 6, 8], []
1100, [2, 4, 6, 8], []
1200, [2, 4, 6, 8], []
1300, [2, 4, 6, 8], []
1400, [2, 4, 6, 8], []
1500, [2, 4, 6, 8], []
1600, [2, 4, 6, 8], []
1700, [2, 4, 6, 8], []
1800, [2, 4, 6, 8], []
1900, [2, 4, 6, 8], []
2000, [2, 4, 6, 8], []
2100, [2, 4, 6, 8], []
2200, [2, 4, 6, 8], []
2300, [2, 4, 6, 8], []
2400, [2, 4, 6, 8], []
2500, [2, 4, 6, 8], []
2600, [2, 4, 6, 8], []
2700, [2, 4, 6, 8], []
2800, [2, 4, 6, 8], []
2900, [2, 4, 6, 8], []
3000, [2, 4, 6, 8], []
3100, [2, 4, 6, 8], []
3200, [2, 4, 6, 8], []
3300, [2, 4, 6, 8], []
3400, [2, 4, 6, 8], []
3500, [2, 4, 6, 8], []
3600, [2, 4, 6, 8], []
3700, [2, 4, 6, 8], []
3800, [2, 4, 6, 8], []
3900, [2, 4, 6, 8], []
4000, [2, 4, 6, 8], []
4100, [2, 4, 6, 8], []
4200, [2, 4, 6, 8], []
4300, [2, 4, 6, 8], []
4400, [2, 4, 6, 8], []
4500, [2, 4, 6, 8], []
4600, [2, 4, 6, 8], []
4700, [2, 4, 6, 8], []
4800, [2, 4, 6, 8], []
4900, [2, 4, 6, 8], []
5000, [2, 4, 6, 8], []
5100, [2, 4, 6, 8], []
5200, [2, 4, 6, 8], []
5300, [2, 4, 6, 8], []
5400, [2, 4, 6, 8], []
5500, [2, 4, 6, 8], []
5600, [2, 4, 6, 8], []
5700, [2, 4, 6, 8], []
5800, [2, 4, 6, 8], []
5900, [2, 4, 6, 8], []
6000, [2, 4, 6, 8], []
6100, [2, 4, 6, 8], []
6200, [2, 4, 6, 8], []
6300, [2, 4, 6, 8], []
6400, [2, 4, 6, 8], []
6500, [2, 4, 6, 8], []
6600, [2, 4, 6, 8], []
6700, [2, 4, 6, 8], []
6800, [2, 4, 6, 8], []
6900, [2, 4, 6, 8], []
7000, [2, 4, 6, 8], []
7100, [2, 4, 6, 8], []
7200, [2, 4, 6, 8], []
7300, [2, 4, 6, 8], []
7400, [2, 4, 6, 8], []
7500, [2, 4, 6, 8], []
7600, [2, 4, 6, 8], []
7700, [2, 4, 6, 8], []
7800, [2, 4, 6, 8], []
7900, [2, 4, 6, 8], []
8000, [2, 4, 6, 8], []
8100, [2, 4, 6, 8], []
8200, [2, 4, 6, 8], []
30700, [2, 4, 6, 8], []
30800, [2, 4, 6, 8], []
30900, [2, 4, 6, 8], []
31000, [2, 4, 6, 8], []
31100, [2, 4, 6, 8], []
31200, [2, 4, 6, 8], []
31300, [2, 4, 6, 8], []
31400, [2, 4, 6, 8], []
31500, [2, 4, 6, 8], []
31600, [2, 4, 6, 8], []
31700, [2, 4, 6, 8], []
31800, [2, 4, 6, 8], []
31900, [2, 4, 6, 8], []
32000, [2, 4, 6, 8], []
32100, [2, 4, 6, 8], []
32200, [2, 4, 6, 8], []
32300, [2, 4, 6, 8], []
32400, [2, 4, 6, 8], []
32500, [2, 4, 6, 8], []
32600, [2, 4, 6, 8], []
32700, [2, 4, 6, 8], []
32800, [2, 4, 6, 8], []
32900, [2, 4, 6, 8], []
33000, [2, 4, 6, 8], []
33100, [2, 4, 6, 8], []
33200, [2, 4, 6, 8], []
33300, [2, 4, 6, 8], []
33400, [2, 4, 6, 8], []
33500, [2, 4, 6, 8], []
33600, [2, 4, 6, 8], []
33700, [2, 4, 6, 8], []
33800, [2, 4, 6, 8], []
33900, [2, 4, 6, 8], []
34000, [2, 4, 6, 8], []
34100, [2, 4, 6, 8], []
34200, [2, 4, 6, 8], []
34300, [2, 4, 6, 8], []
34400, [2, 4, 6, 8], []
34500, [2, 4, 6, 8], []
34600, [2, 4, 6, 8], []
34700, [2, 4, 6, 8], []
34800, [2, 4, 6, 8], []
34900, [2, 4, 6, 8], []
35000, [2, 4, 6, 8], []
35100, [2, 4, 6, 8], []
35200, [2, 4, 6, 8], []
35300, [2, 4, 6, 8], []
35400, [2, 4, 6, 8], []
35500, [2, 4, 6, 8], []
35600, [2, 4, 6, 8], []
35700, [2, 4, 6, 8], []
35800, [2, 4, 6, 8], []
35900, [2, 4, 6, 8], []
36000, [2, 4, 6, 8], []
36100, [2, 4, 6, 8], []
36200, [2, 4, 6, 8], []
36300, [2, 4, 6, 8], []
36400, [2, 4, 6, 8], []
36500, [2, 4, 6, 8], []
36600, [2, 4, 6, 8], []
36700, [2, 4, 6, 8], []
36800, [2, 4, 6, 8], []
36900, [2, 4, 6, 8], []
37000, [2, 4, 6, 8], []
37100, [2, 4, 6, 8], []
37200, [2, 4, 6, 8], []
37300, [2, 4, 6, 8], []
37400, [2, 4, 6, 8], []
37500, [2, 4, 6, 8], []
37600, [2, 4, 6, 8], []
37700, [2, 4, 6, 8], []
37800, [2, 4, 6, 8], []
37900, [2, 4, 6, 8], []
38000, [2, 4, 6, 8], []
38100, [2, 4, 6, 8], []
38200, [2, 4, 6, 8], []
38300, [2, 4, 6, 8], []
38400, [2, 4, 6, 8], []
38500, [2, 4, 6, 8], []
38600, [2, 4, 6, 8], []
38700, [2, 4, 6, 8], []
38800, [2, 4, 6, 8], []
38900, [2, 4, 6, 8], []
39000, [2, 4, 6, 8], []
39100, [2, 4, 6, 8], []
39200, [2, 4, 6, 8], []
39300, [2, 4, 6, 8], []
39400, [2, 4, 6, 8], []
39500, [2, 4, 6, 8], []
39600, [2, 4, 6, 8], []
39700, [2, 4, 6, 8], []
39800, [2, 4, 6, 8], []
39900, [2, 4, 6, 8], []
40000, [2, 4, 6, 8], []
40100, [2, 4, 6, 8], []
40200, [2, 4, 6, 8], []
40300, [2, 4, 6, 8], []
40400, [2, 4, 6, 8], []
40500, [2, 4, 6, 8], []
40600, [2, 4, 6, 8], []
40700, [2, 4, 6, 8], []
40800, [2, 4, 6, 8], []
40900, [2, 4, 6, 8], []
41000, [2, 4, 6, 8], []
41100, [2, 4, 6, 8], []
41200, [2, 4, 6, 8], []
41300, [2, 4, 6, 8], []
41400, [2, 4, 6, 8], []
41500, [2, 4, 6, 8], []
41600, [2, 4, 6, 8], []
41700, [2, 4, 6, 8], []
41800, [2, 4, 6, 8], []
41900, [2, 4, 6, 8], []
42000, [2, 4, 6, 8], []
42100, [2, 4, 6, 8], []
42200, [2, 4, 6, 8], []
42300, [2, 4, 6, 8], []
42400, [2, 4, 6, 8], []
42500, [2, 4, 6, 8], []
42600, [2, 4, 6, 8], []
42700, [2, 4, 6, 8], []
42800, [2, 4, 6, 8], []
42900, [2, 4, 6, 8], []
43000, [2, 4, 6, 8], []
43100, [2, 4, 6, 8], []
43200, [2, 4, 6, 8], []
43300, [2, 4, 6, 8], []
43400, [2, 4, 6, 8], []
43500, [2, 4, 6, 8], []
43600, [2, 4, 6, 8], []
43700, [2, 4, 6, 8], []
43800, [2, 4, 6, 8], []
43900, [2, 4, 6, 8], []
44000, [2, 4, 6, 8], []
44100, [2, 4, 6, 8], []
44200, [2, 4, 6, 8], []
44300, [2, 4, 6, 8], []
44400, [2, 4, 6, 8], []
44500, [2, 4, 6, 8], []
44600, [2, 4, 6, 8], []
44700, [2, 4, 6, 8], []
44800, [2, 4, 6, 8], []
44900, [2, 4, 6, 8], []
45000, [2, 4, 6, 8], []
45100, [2, 4, 6, 8], []
45200, [2, 4, 6, 8], []
45300, [2, 4, 6, 8], []
45400, [2, 4, 6, 8], []
45500, [2, 4, 6, 8], []
45600, [2, 4, 6, 8], []
45700, [2, 4, 6, 8], []
45800, [2, 4, 6, 8], []
45900, [2, 4, 6, 8], []
46000, [2, 4, 6, 8], []
46100, [2, 4, 6, 8], []
46200, [2, 4, 6, 8], []
46300, [2, 4, 6, 8], []
46400, [2, 4, 6, 8], []
46500, [2, 4, 6, 8], []
46600, [2, 4, 6, 8], []
46700, [2, 4, 6, 8], []
46800, [2, 4, 6, 8], []
46900, [2, 4, 6, 8], []
47000, [2, 4, 6, 8], []
47100, [2, 4, 6, 8], []
47200, [2, 4, 6, 8], []
47300, [2, 4, 6, 8], []
47400, [2, 4, 6, 8], []
47500, [2, 4, 6, 8], []
47600, [2, 4, 6, 8], []
47700, [2, 4, 6, 8], []
47800, [2, 4, 6, 8], []
47900, [2, 4, 6, 8], []
48000, [2, 4, 6, 8], []
48100, [2, 4, 6, 8], []
48200, [2, 4, 6, 8], []
48300, [2, 4, 6, 8], []
48400, [2, 4, 6, 8], []
48500, [2, 4, 6, 8], []
48600, [2, 4, 6, 8], []
34700, [2, 4, 6, 8], []
34800, [2, 4, 6, 8], []
34900, [2, 4, 6, 8], []
35000, [2, 4, 6, 8], []
35100, [2, 4, 6, 8], []
35200, [2, 4, 6, 8], []
35300, [2, 4, 6, 8], []
35400, [2, 4, 6, 8], []
35500, [2, 4, 6, 8], []
35600, [2, 4, 6, 8], []
35700, [2, 4, 6, 8], []
35800, [2, 4, 6, 8], []
35900, [2, 4, 6, 8], []
36000, [2, 4, 6, 8], []
36100, [2, 4, 6, 8], []
36200, [2, 4, 6, 8], []
36300, [2, 4, 6, 8], []
36400, [2, 4, 6, 8], []
36500, [2, 4, 6, 8], []
36600, [2, 4, 6, 8], []
36700, [2, 4, 6, 8], []
36800, [2, 4, 6, 8], []
36900, [2, 4, 6, 8], []
37000, [2, 4, 6, 8], []
37100, [2, 4, 6, 8], []
37200, [2, 4, 6, 8], []
37300, [2, 4, 6, 8], []
37400, [2, 4, 6, 8], []
37500, [2, 4, 6, 8], []
37600, [2, 4, 6, 8], []
37700, [2, 4, 6, 8], []
37800, [2, 4, 6, 8], []
37900, [2, 4, 6, 8], []
38000, [2, 4, 6, 8], []
38100, [2, 4, 6, 8], []
38200, [2, 4, 6, 8], []
38300, [2, 4, 6, 8], []
38400, [2, 4, 6, 8], []
38500, [2, 4, 6, 8], []
38600, [2, 4, 6, 8], []
38700, [2, 4, 6, 8], []
38800, [2, 4, 6, 8], []
38900, [2, 4, 6, 8], []
39000, [2, 4, 6, 8], []
39100, [2, 4, 6, 8], []
39200, [2, 4, 6, 8], []
39300, [2, 4, 6, 8], []
39400, [2, 4, 6, 8], []
39500, [2, 4, 6, 8], []
39600, [2, 4, 6, 8], []
39700, [2, 4, 6, 8], []
39800, [2, 4, 6, 8], []
39900, [2, 4, 6, 8], []
40000, [2, 4, 6, 8], []
40100, [2, 4, 6, 8], []
40200, [2, 4, 6, 8], []
40300, [2, 4, 6, 8], []
40400, [2, 4, 6, 8], []
40500, [2, 4, 6, 8], []
40600, [2, 4, 6, 8], []
40700, [2, 4, 6, 8], []
40800, [2, 4, 6, 8], []
40900, [2, 4, 6, 8], []
41000, [2, 4, 6, 8], []
41100, [2, 4, 6, 8], []
41200, [2, 4, 6, 8], []
41300, [2, 4, 6, 8], []
41400, [2, 4, 6, 8], []
41500, [2, 4, 6, 8], []
41600, [2, 4, 6, 8], []
41700, [2, 4, 6, 8], []
41800, [2, 4, 6, 8], []
41900, [2, 4, 6, 8], []
42000, [2, 4, 6, 8], []
42100, [2, 4, 6, 8], []
42200, [2, 4, 6, 8], []
42300, [2, 4, 6, 8], []
42400, [2, 4, 6, 8], []
42500, [2, 4, 6, 8], []
42600, [2, 4, 6, 8], []
42700, [2, 4, 6, 8], []
42800, [2, 4, 6, 8], []
42900, [2, 4, 6, 8], []
43000, [2, 4, 6, 8], []
43100, [2, 4, 6, 8], []
43200, [2, 4, 6, 8], []
43300, [2, 4, 6, 8], []
43400, [2, 4, 6, 8], []
43500, [2, 4, 6, 8], []
43600, [2, 4, 6, 8], []
43700, [2, 4, 6, 8], []
43800, [2, 4, 6, 8], []
43900, [2, 4, 6, 8], []
44000, [2, 4, 6, 8], []
44100, [2, 4, 6, 8], []
44200, [2, 4, 6, 8], []
44300, [2, 4, 6, 8], []
44400, [2, 4, 6, 8], []
44500, [2, 4, 6, 8], []
44600, [2, 4, 6, 8], []
44700, [2, 4, 6, 8], []
44800, [2, 4, 6, 8], []
44900, [2, 4, 6, 8], []
45000, [2, 4, 6, 8], []
45100, [2, 4, 6, 8], []
45200, [2, 4, 6, 8], []
45300, [2, 4, 6, 8], []
45400, [2, 4, 6, 8], []
45500, [2, 4, 6, 8], []
45600, [2, 4, 6, 8], []
45700, [2, 4, 6, 8], []
45800, [2, 4, 6, 8], []
45900, [2, 4, 6, 8], []
46000, [2, 4, 6, 8], []
46100, [2, 4, 6, 8], []
46200, [2, 4, 6, 8], []
46300, [2, 4, 6, 8], []
46400, [2, 4, 6, 8], []
46500, [2, 4, 6, 8], []
46600, [2, 4, 6, 8], []
46700, [2, 4, 6, 8], []
46800, [2, 4, 6, 8], []
46900, [2, 4, 6, 8], []
47000, [2, 4, 6, 8], []
47100, [2, 4, 6, 8], []
47200, [2, 4, 6, 8], []
47300, [2, 4, 6, 8], []
47400, [2, 4, 6, 8], []
47500, [2, 4, 6, 8], []
47600, [2, 4, 6, 8], []
47700, [2, 4, 6, 8], []
47800, [2, 4, 6, 8], []
47900, [2, 4, 6, 8], []
48000, [2, 4, 6, 8], []
48100, [2, 4, 6, 8], []
48200, [2, 4, 6, 8], []
48300, [2, 4, 6, 8], []
48400, [2, 4, 6, 8], []
48500, [2, 4, 6, 8], []
48600, [2, 4, 6, 8], []
48700, [2, 4, 6, 8], []
48800, [2, 4, 6, 8], []
48900, [2, 4, 6, 8], []
49000, [2, 4, 6, 8], []
49100, [2, 4, 6, 8], []
49200, [2, 4, 6, 8], []
49300, [2, 4, 6, 8], []
49400, [2, 4, 6, 8], []
49500, [2, 4, 6, 8], []
49600, [2, 4, 6, 8], []
49700, [2, 4, 6, 8], []
49800, [2, 4, 6, 8], []
49900, [2, 4, 6, 8], []
50000, [2, 4, 6, 8], []
50100, [2, 4, 6, 8], []
50200, [2, 4, 6, 8], []
50300, [2, 4, 6, 8], []
50400, [2, 4, 6, 8], []
50500, [2, 4, 6, 8], []
50600, [2, 4, 6, 8], []
50700, [2, 4, 6, 8], []
50800, [2, 4, 6, 8], []
50900, [2, 4, 6, 8], []
51000, [2, 4, 6, 8], []
51100, [2, 4, 6, 8], []
51200, [2, 4, 6, 8], []
51300, [2, 4, 6, 8], []
51400, [2, 4, 6, 8], []
51500, [2, 4, 6, 8], []
51600, [2, 4, 6, 8], []
51700, [2, 4, 6, 8], []
51800, [2, 4, 6, 8], []
51900, [2, 4, 6, 8], []
52000, [2, 4, 6, 8], []
52100, [2, 4, 6, 8], []
52200, [2, 4, 6, 8], []
52300, [2, 4, 6, 8], []
52400, [2, 4, 6, 8], []
52500, [2, 4, 6, 8], []
52600, [2, 4, 6, 8], []
52700, [2, 4, 6, 8], []
52800, [2, 4, 6, 8], []
52900, [2, 4, 6, 8], []
53000, [2, 4, 6, 8], []
53100, [2, 4, 6, 8], []
53200, [2, 4, 6, 8], []
53300, [2, 4, 6, 8], []
53400, [2, 4, 6, 8], []
53500, [2, 4, 6, 8], []
53600, [2, 4, 6, 8], []
53700, [2, 4, 6, 8], []
53800, [2, 4, 6, 8], []
53900, [2, 4, 6, 8], []
54000, [2, 4, 6, 8], []
54100, [2, 4, 6, 8], []
54200, [2, 4, 6, 8], []
54300, [2, 4, 6, 8], []
54400, [2, 4, 6, 8], []
54500, [2, 4, 6, 8], []
54600, [2, 4, 6, 8], []
54700, [2, 4, 6, 8], []
54800, [2, 4, 6, 8], []
54900, [2, 4, 6, 8], []
55000, [2, 4, 6, 8], []
55100, [2, 4, 6, 8], []
55200, [2, 4, 6, 8], []
55300, [2, 4, 6, 8], []
55400, [2, 4, 6, 8], []
55500, [2, 4, 6, 8], []
55600, [2, 4, 6, 8], []
55700, [2, 4, 6, 8], []
55800, [2, 4, 6, 8], []
55900, [2, 4, 6, 8], []
56000, [2, 4, 6, 8], []
56100, [2, 4, 6, 8], []
56200, [2, 4, 6, 8], []
56300, [2, 4, 6, 8], []
56400, [2, 4, 6, 8], []
56500, [2, 4, 6, 8], []
56600, [2, 4, 6, 8], []
56700, [2, 4, 6, 8], []
56800, [2, 4, 6, 8], []
56900, [2, 4, 6, 8], []
57000, [2, 4, 6, 8], []
57100, [2, 4, 6, 8], []
57200, [2, 4, 6, 8], []
57300, [2, 4, 6, 8], []
57400, [2, 4, 6, 8], []
57500, [2, 4, 6, 8], []
57600, [2, 4, 6, 8], []
57700, [2, 4, 6, 8], []
57800, [2, 4, 6, 8], []
57900, [2, 4, 6, 8], []
58000, [2, 4, 6, 8], []
58100, [2, 4, 6, 8], []
58200, [2, 4, 6, 8], []
58300, [2, 4, 6, 8], []
58400, [2, 4, 6, 8], []
58500, [2, 4, 6, 8], []
58600, [2, 4, 6, 8], []
58700, [2, 4, 6, 8], []
58800, [2, 4, 6, 8], []
58900, [2, 4, 6, 8], []
59000, [2, 4, 6, 8], []
59100, [2, 4, 6, 8], []
59200, [2, 4, 6, 8], []
59300, [2, 4, 6, 8], []
59400, [2, 4, 6, 8], []
59500, [2, 4, 6, 8], []
59600, [2, 4, 6, 8], []
59700, [2, 4, 6, 8], []
59800, [2, 4, 6, 8], []
59900, [2, 4, 6, 8], []
60000, [2, 4, 6, 8], []
60100, [2, 4, 6, 8], []
60200, [2, 4, 6, 8], []
60300, [2, 4, 6, 8], []
60400, [2, 4, 6, 8], []
60500, [2, 4, 6, 8], []
60600, [2, 4, 6, 8], []
60700, [2, 4, 6, 8], []
60800, [2, 4, 6, 8], []
60900, [2, 4, 6, 8], []
61000, [2, 4, 6, 8], []
61100, [2, 4, 6, 8], []
61200, [2, 4, 6, 8], []
61300, [2, 4, 6, 8], []
61400, [2, 4, 6, 8], []
61500, [2, 4, 6, 8], []
61600, [2, 4, 6, 8], []
61700, [2, 4, 6, 8], []
61800, [2, 4, 6, 8], []
61900, [2, 4, 6, 8], []
62000, [2, 4, 6, 8], []
62100, [2, 4, 6, 8], []
62200, [2, 4, 6, 8], []
62300, [2, 4, 6, 8], []
62400, [2, 4, 6, 8], []
62500, [2, 4, 6, 8], []
62600, [2, 4, 6, 8], []
62700, [2, 4, 6, 8], []
62800, [2, 4, 6, 8], []
62900, [2, 4, 6, 8], []
63000, [2, 4, 6, 8], []
63100, [2, 4, 6, 8], []
63200, [2, 4, 6, 8], []
63300, [2, 4, 6, 8], []
63400, [2, 4, 6, 8], []
63500, [2, 4, 6, 8], []
63600, [2, 4, 6, 8], []
63700, [2, 4, 6, 8], []
63800, [2, 4, 6, 8], []
63900, [2, 4, 6, 8], []
64000, [2, 4, 6, 8], []
64100, [2, 4, 6, 8], []
64200, [2, 4, 6, 8], []
64300, [2, 4, 6, 8], []
64400, [2, 4, 6, 8], []
64500, [2, 4, 6, 8], []
64600, [2, 4, 6, 8], []
64700, [2, 4, 6, 8], []
64800, [2, 4, 6, 8], []
64900, [2, 4, 6, 8], []
65000, [2, 4, 6, 8], []
65100, [2, 4, 6, 8], []
65200, [2, 4, 6, 8], []
65300, [2, 4, 6, 8], []
65400, [2, 4, 6, 8], []
65500, [2, 4, 6, 8], []
65600, [2, 4, 6, 8], []
65700, [2, 4, 6, 8], []
65800, [2, 4, 6, 8], []
65900, [2, 4, 6, 8], []
66000, [2, 4, 6, 8], []
66100, [2, 4, 6, 8], []
66200, [2, 4, 6, 8], []
66300, [2, 4, 6, 8], []
66400, [2, 4, 6, 8], []
66500, [2, 4, 6, 8], []
66600, [2, 4, 6, 8], []
66700, [2, 4, 6, 8], []
66800, [2, 4, 6, 8], []
66900, [2, 4, 6, 8], []
67000, [2, 4, 6, 8], []
67100, [2, 4, 6, 8], []
67200, [2, 4, 6, 8], []
67300, [2, 4, 6, 8], []
67400, [2, 4, 6, 8], []
67500, [2, 4, 6, 8], []
67600, [2, 4, 6, 8], []
67700, [2, 4, 6, 8], []
67800, [2, 4, 6, 8], []
67900, [2, 4, 6, 8], []
68000, [2, 4, 6, 8], []
68100, [2, 4, 6, 8], []
68200, [2, 4, 6, 8], []
68300, [2, 4, 6, 8], []
68400, [2, 4, 6, 8], []
68500, [2, 4, 6, 8], []
68600, [2, 4, 6, 8], []
68700, [2, 4, 6, 8], []
68800, [2, 4, 6, 8], []
68900, [2, 4, 6, 8], []
69000, [2, 4, 6, 8], []
69100, [2, 4, 6, 8], []
69200, [2, 4, 6, 8], []
69300, [2, 4, 6, 8], []
69400, [2, 4, 6, 8], []
69500, [2, 4, 6, 8], []
69600, [2, 4, 6, 8], []
32800, [2, 4, 6, 8], []
32900, [2, 4, 6, 8], []
33000, [2, 4, 6, 8], []
33100, [2, 4, 6, 8], []
33200, [2, 4, 6, 8], []
33300, [2, 4, 6, 8], []
33400, [2, 4, 6, 8], []
33500, [2, 4, 6, 8], []
33600, [2, 4, 6, 8], []
33700, [2, 4, 6, 8], []
33800, [2, 4, 6, 8], []
33900, [2, 4, 6, 8], []
34000, [2, 4, 6, 8], []
34100, [2, 4, 6, 8], []
34200, [2, 4, 6, 8], []
34300, [2, 4, 6, 8], []
34400, [2, 4, 6, 8], []
34500, [2, 4, 6, 8], []
34600, [2, 4, 6, 8], []
34700, [2, 4, 6, 8], []
34800, [2, 4, 6, 8], []
34900, [2, 4, 6, 8], []
35000, [2, 4, 6, 8], []
35100, [2, 4, 6, 8], []
35200, [2, 4, 6, 8], []
35300, [2, 4, 6, 8], []
35400, [2, 4, 6, 8], []
35500, [2, 4, 6, 8], []
35600, [2, 4, 6, 8], []
35700, [2, 4, 6, 8], []
35800, [2, 4, 6, 8], []
35900, [2, 4, 6, 8], []
36000, [2, 4, 6, 8], []
36100, [2, 4, 6, 8], []
36200, [2, 4, 6, 8], []
36300, [2, 4, 6, 8], []
36400, [2, 4, 6, 8], []
36500, [2, 4, 6, 8], []
36600, [2, 4, 6, 8], []
36700, [2, 4, 6, 8], []
36800, [2, 4, 6, 8], []
36900, [2, 4, 6, 8], []
37000, [2, 4, 6, 8], []
37100, [2, 4, 6, 8], []
37200, [2, 4, 6, 8], []
37300, [2, 4, 6, 8], []
37400, [2, 4, 6, 8], []
37500, [2, 4, 6, 8], []
37600, [2, 4, 6, 8], []
37700, [2, 4, 6, 8], []
37800, [2, 4, 6, 8], []
37900, [2, 4, 6, 8], []
38000, [2, 4, 6, 8], []
38100, [2, 4, 6, 8], []
38200, [2, 4, 6, 8], []
38300, [2, 4, 6, 8], []
38400, [2, 4, 6, 8], []
38500, [2, 4, 6, 8], []
38600, [2, 4, 6, 8], []
38700, [2, 4, 6, 8], []
38800, [2, 4, 6, 8], []
38900, [2, 4, 6, 8], []
39000, [2, 4, 6, 8], []
39100, [2, 4, 6, 8], []
39200, [2, 4, 6, 8], []
39300, [2, 4, 6, 8], []
39400, [2, 4, 6, 8], []
39500, [2, 4, 6, 8], []
39600, [2, 4, 6, 8], []
39700, [2, 4, 6, 8], []
39800, [2, 4, 6, 8], []
39900, [2, 4, 6, 8], []
40000, [2, 4, 6, 8], []
40100, [2, 4, 6, 8], []
40200, [2, 4, 6, 8], []
40300, [2, 4, 6, 8], []
40400, [2, 4, 6, 8], []
40500, [2, 4, 6, 8], []
40600, [2, 4, 6, 8], []
40700, [2, 4, 6, 8], []
40800, [2, 4, 6, 8], []
40900, [2, 4, 6, 8], []
41000, [2, 4, 6, 8], []
41100, [2, 4, 6, 8], []
41200, [2, 4, 6, 8], []
41300, [2, 4, 6, 8], []
41400, [2, 4, 6, 8], []
41500, [2, 4, 6, 8], []
41600, [2, 4, 6, 8], []
41700, [2, 4, 6, 8], []
41800, [2, 4, 6, 8], []
41900, [2, 4, 6, 8], []
42000, [2, 4, 6, 8], []
42100, [2, 4, 6, 8], []
42200, [2, 4, 6, 8], []
42300, [2, 4, 6, 8], []
42400, [2, 4, 6, 8], []
42500, [2, 4, 6, 8], []
42600, [2, 4, 6, 8], []
42700, [2, 4, 6, 8], []
42800, [2, 4, 6, 8], []
42900, [2, 4, 6, 8], []
43000, [2, 4, 6, 8], []
43100, [2, 4, 6, 8], []
43200, [2, 4, 6, 8], []
43300, [2, 4, 6, 8], []
43400, [2, 4, 6, 8], []
43500, [2, 4, 6, 8], []
43600, [2, 4, 6, 8], []
43700, [2, 4, 6, 8], []
43800, [2, 4, 6, 8], []
43900, [2, 4, 6, 8], []
44000, [2, 4, 6, 8], []
44100, [2, 4, 6, 8], []
44200, [2, 4, 6, 8], []
44300, [2, 4, 6, 8], []
44400, [2, 4, 6, 8], []
44500, [2, 4, 6, 8], []
44600, [2, 4, 6, 8], []
44700, [2, 4, 6, 8], []
44800, [2, 4, 6, 8], []
44900, [2, 4, 6, 8], []
45000, [2, 4, 6, 8], []
45100, [2, 4, 6, 8], []
45200, [2, 4, 6, 8], []
45300, [2, 4, 6, 8], []
45400, [2, 4, 6, 8], []
45500, [2, 4, 6, 8], []
45600, [2, 4, 6, 8], []
45700, [2, 4, 6, 8], []
45800, [2, 4, 6, 8], []
45900, [2, 4, 6, 8], []
46000, [2, 4, 6, 8], []
46100, [2, 4, 6, 8], []
46200, [2, 4, 6, 8], []
46300, [2, 4, 6, 8], []
46400, [2, 4, 6, 8], []
46500, [2, 4, 6, 8], []
46600, [2, 4, 6, 8], []
46700, [2, 4, 6, 8], []
46800, [2, 4, 6, 8], []
46900, [2, 4, 6, 8], []
47000, [2, 4, 6, 8], []
47100, [2, 4, 6, 8], []
47200, [2, 4, 6, 8], []
47300, [2, 4, 6, 8], []
47400, [2, 4, 6, 8], []
47500, [2, 4, 6, 8], []
47600, [2, 4, 6, 8], []
47700, [2, 4, 6, 8], []
47800, [2, 4, 6, 8], []
47900, [2, 4, 6, 8], []
48000, [2, 4, 6, 8], []
48100, [2, 4, 6, 8], []
48200, [2, 4, 6, 8], []
48300, [2, 4, 6, 8], []
48400, [2, 4, 6, 8], []
48500, [2, 4, 6, 8], []
48600, [2, 4, 6, 8], []
48700, [2, 4, 6, 8], []
48800, [2, 4, 6, 8], []
48900, [2, 4, 6, 8], []
49000, [2, 4, 6, 8], []
49100, [2, 4, 6, 8], []
49200, [2, 4, 6, 8], []
49300, [2, 4, 6, 8], []
49400, [2, 4, 6, 8], []
49500, [2, 4, 6, 8], []
49600, [2, 4, 6, 8], []
49700, [2, 4, 6, 8], []
49800, [2, 4, 6, 8], []
49900, [2, 4, 6, 8], []
50000, [2, 4, 6, 8], []
50100, [2, 4, 6, 8], []
50200, [2, 4, 6, 8], []
50300, [2, 4, 6, 8], []
50400, [2, 4, 6, 8], []
50500, [2, 4, 6, 8], []
50600, [2, 4, 6, 8], []
50700, [2, 4, 6, 8], []
50800, [2, 4, 6, 8], []
50900, [2, 4, 6, 8], []
51000, [2, 4, 6, 8], []
51100, [2, 4, 6, 8], []
51200, [2, 4, 6, 8], []
51300, [2, 4, 6, 8], []
51400, [2, 4, 6, 8], []
28400, [2, 4, 6, 8], []
28500, [2, 4, 6, 8], []
28600, [2, 4, 6, 8], []
28700, [2, 4, 6, 8], []
28800, [2, 4, 6, 8], []
28900, [2, 4, 6, 8], []
29000, [2, 4, 6, 8], []
29100, [2, 4, 6, 8], []
29200, [2, 4, 6, 8], []
29300, [2, 4, 6, 8], []
29400, [2, 4, 6, 8], []
29500, [2, 4, 6, 8], []
29600, [2, 4, 6, 8], []
29700, [2, 4, 6, 8], []
29800, [2, 4, 6, 8], []
29900, [2, 4, 6, 8], []
30000, [2, 4, 6, 8], []
30100, [2, 4, 6, 8], []
30200, [2, 4, 6, 8], []
30300, [2, 4, 6, 8], []
30400, [2, 4, 6, 8], []
30500, [2, 4, 6, 8], []
30600, [2, 4, 6, 8], []
30700, [2, 4, 6, 8], []
30800, [2, 4, 6, 8], []
30900, [2, 4, 6, 8], []
31000, [2, 4, 6, 8], []
31100, [2, 4, 6, 8], []
31200, [2, 4, 6, 8], []
31300, [2, 4, 6, 8], []
31400, [2, 4, 6, 8], []
31500, [2, 4, 6, 8], []
31600, [2, 4, 6, 8], []
31700, [2, 4, 6, 8], []
31800, [2, 4, 6, 8], []
31900, [2, 4, 6, 8], []
32000, [2, 4, 6, 8], []
32100, [2, 4, 6, 8], []
32200, [2, 4, 6, 8], []
32300, [2, 4, 6, 8], []
32400, [2, 4, 6, 8], []
32500, [2, 4, 6, 8], []
32600, [2, 4, 6, 8], []
32700, [2, 4, 6, 8], []
32800, [2, 4, 6, 8], []
32900, [2, 4, 6, 8], []
33000, [2, 4, 6, 8], []
33100, [2, 4, 6, 8], []
33200, [2, 4, 6, 8], []
33300, [2, 4, 6, 8], []
33400, [2, 4, 6, 8], []
34800, [2, 4, 6, 8], []
34900, [2, 4, 6, 8], []
35000, [2, 4, 6, 8], []
35100, [2, 4, 6, 8], []
35200, [2, 4, 6, 8], []
35300, [2, 4, 6, 8], []
35400, [2, 4, 6, 8], []
35500, [2, 4, 6, 8], []
35600, [2, 4, 6, 8], []
35700, [2, 4, 6, 8], []
35800, [2, 4, 6, 8], []
35900, [2, 4, 6, 8], []
36000, [2, 4, 6, 8], []
36100, [2, 4, 6, 8], []
36200, [2, 4, 6, 8], []
36300, [2, 4, 6, 8], []
36400, [2, 4, 6, 8], []
36500, [2, 4, 6, 8], []
36600, [2, 4, 6, 8], []
36700, [2, 4, 6, 8], []
36800, [2, 4, 6, 8], []
36900, [2, 4, 6, 8], []
37000, [2, 4, 6, 8], []
37100, [2, 4, 6, 8], []
37200, [2, 4, 6, 8], []
37300, [2, 4, 6, 8], []
37400, [2, 4, 6, 8], []
37500, [2, 4, 6, 8], []
37600, [2, 4, 6, 8], []
37700, [2, 4, 6, 8], []
37800, [2, 4, 6, 8], []
37900, [2, 4, 6, 8], []
38000, [2, 4, 6, 8], []
38100, [2, 4, 6, 8], []
38200, [2, 4, 6, 8], []
38300, [2, 4, 6, 8], []
38400, [2, 4, 6, 8], []
38500, [2, 4, 6, 8], []
38600, [2, 4, 6, 8], []
38700, [2, 4, 6, 8], []
38800, [2, 4, 6, 8], []
38900, [2, 4, 6, 8], []
39000, [2, 4, 6, 8], []
39100, [2, 4, 6, 8], []
39200, [2, 4, 6, 8], []
39300, [2, 4, 6, 8], []
39400, [2, 4, 6, 8], []
39500, [2, 4, 6, 8], []
39600, [2, 4, 6, 8], []
39700, [2, 4, 6, 8], []
39800, [2, 4, 6, 8], []
39900, [2, 4, 6, 8], []
40000, [2, 4, 6, 8], []
40100, [2, 4, 6, 8], []
40200, [2, 4, 6, 8], []
40300, [2, 4, 6, 8], []
40400, [2, 4, 6, 8], []
40500, [2, 4, 6, 8], []
40600, [2, 4, 6, 8], []
40700, [2, 4, 6, 8], []
40800, [2, 4, 6, 8], []
40900, [2, 4, 6, 8], []
41000, [2, 4, 6, 8], []
41100, [2, 4, 6, 8], []
41200, [2, 4, 6, 8], []
41300, [2, 4, 6, 8], []
41400, [2, 4, 6, 8], []
41500, [2, 4, 6, 8], []
41600, [2, 4, 6, 8], []
41700, [2, 4, 6, 8], []
41800, [2, 4, 6, 8], []
41900, [2, 4, 6, 8], []
42000, [2, 4, 6, 8], []
42100, [2, 4, 6, 8], []
42200, [2, 4, 6, 8], []
42300, [2, 4, 6, 8], []
42400, [2, 4, 6, 8], []
100, [2, 4, 6, 8], []
300, [2, 4, 6, 8], []
400, [2, 4, 6, 8], []
500, [2, 4, 6, 8], []
600, [2, 4, 6, 8], []
700, [2, 4, 6, 8], []
800, [2, 4, 6, 8], []
900, [2, 4, 6, 8], []
1000, [2, 4, 6, 8], []
1100, [2, 4, 6, 8], []
1200, [2, 4, 6, 8], []
1300, [2, 4, 6, 8], []
1400, [2, 4, 6, 8], []
1500, [2, 4, 6, 8], []
1600, [2, 4, 6, 8], []
1700, [2, 4, 6, 8], []
1800, [2, 4, 6, 8], []
1900, [2, 4, 6, 8], []
2000, [2, 4, 6, 8], []
2100, [2, 4, 6, 8], []
2200, [2, 4, 6, 8], []
2300, [2, 4, 6, 8], []
2400, [2, 4, 6, 8], []
2500, [2, 4, 6, 8], []
2600, [2, 4, 6, 8], []
2700, [2, 4, 6, 8], []
2800, [2, 4, 6, 8], []
2900, [2, 4, 6, 8], []
3000, [2, 4, 6, 8], []
3100, [2, 4, 6, 8], []
3200, [2, 4, 6, 8], []
3300, [2, 4, 6, 8], []
3400, [2, 4, 6, 8], []
3500, [2, 4, 6, 8], []
3600, [2, 4, 6, 8], []
3700, [2, 4, 6, 8], []
3800, [2, 4, 6, 8], []
3900, [2, 4, 6, 8], []
4000, [2, 4, 6, 8], []
4100, [2, 4, 6, 8], []
4200, [2, 4, 6, 8], []
4300, [2, 4, 6, 8], []
4400, [2, 4, 6, 8], []
4500, [2, 4, 6, 8], []
4600, [2, 4, 6, 8], []
4700, [2, 4, 6, 8], []
4800, [2, 4, 6, 8], []
4900, [2, 4, 6, 8], []
5000, [2, 4, 6, 8], []
5100, [2, 4, 6, 8], []
5200, [2, 4, 6, 8], []
5300, [2, 4, 6, 8], []
5400, [2, 4, 6, 8], []
5500, [2, 4, 6, 8], []
5600, [2, 4, 6, 8], []
5700, [2, 4, 6, 8], []
5800, [2, 4, 6, 8], []
5900, [2, 4, 6, 8], []
6000, [2, 4, 6, 8], []
6100, [2, 4, 6, 8], []
6200, [2, 4, 6, 8], []
6300, [2, 4, 6, 8], []
6400, [2, 4, 6, 8], []
6500, [2, 4, 6, 8], []
6600, [2, 4, 6, 8], []
6700, [2, 4, 6, 8], []
6800, [2, 4, 6, 8], []
6900, [2, 4, 6, 8], []
7000, [2, 4, 6, 8], []
7100, [2, 4, 6, 8], []
7200, [2, 4, 6, 8], []
7300, [2, 4, 6, 8], []
7400, [2, 4, 6, 8], []
7500, [2, 4, 6, 8], []
7600, [2, 4, 6, 8], []
7700, [2, 4, 6, 8], []
7800, [2, 4, 6, 8], []
7900, [2, 4, 6, 8], []
8000, [2, 4, 6, 8], []
8100, [2, 4, 6, 8], []
8200, [2, 4, 6, 8], []
8300, [2, 4, 6, 8], []
8400, [2, 4, 6, 8], []
8500, [2, 4, 6, 8], []
8600, [2, 4, 6, 8], []
8700, [2, 4, 6, 8], []
8800, [2, 4, 6, 8], []
8900, [2, 4, 6, 8], []
9000, [2, 4, 6, 8], []
9100, [2, 4, 6, 8], []
9200, [2, 4, 6, 8], []
9300, [2, 4, 6, 8], []
9400, [2, 4, 6, 8], []
9500, [2, 4, 6, 8], []
9600, [2, 4, 6, 8], []
9700, [2, 4, 6, 8], []
9800, [2, 4, 6, 8], []
9900, [2, 4, 6, 8], []
10000, [2, 4, 6, 8], []
10100, [2, 4, 6, 8], []
10200, [2, 4, 6, 8], []
10300, [2, 4, 6, 8], []
10400, [2, 4, 6, 8], []
10500, [2, 4, 6, 8], []
10600, [2, 4, 6, 8], []
10700, [2, 4, 6, 8], []
10800, [2, 4, 6, 8], []
10900, [2, 4, 6, 8], []
11000, [2, 4, 6, 8], []
11100, [2, 4, 6, 8], []
11200, [2, 4, 6, 8], []
11300, [2, 4, 6, 8], []
11400, [2, 4, 6, 8], []
11500, [2, 4, 6, 8], []
11600, [2, 4, 6, 8], []
11700, [2, 4, 6, 8], []
11800, [2, 4, 6, 8], []
11900, [2, 4, 6, 8], []
12000, [2, 4, 6, 8], []
12100, [2, 4, 6, 8], []
12200, [2, 4, 6, 8], []
12300, [2, 4, 6, 8], []
12400, [2, 4, 6, 8], []
12500, [2, 4, 6, 8], []
12600, [2, 4, 6, 8], []
12700, [2, 4, 6, 8], []
12800, [2, 4, 6, 8], []
12900, [2, 4, 6, 8], []
13000, [2, 4, 6, 8], []
13100, [2, 4, 6, 8], []
13200, [2, 4, 6, 8], []
13300, [2, 4, 6, 8], []
13400, [2, 4, 6, 8], []
13500, [2, 4, 6, 8], []
13600, [2, 4, 6, 8], []
13700, [2, 4, 6, 8], []
13800, [2, 4, 6, 8], []
13900, [2, 4, 6, 8], []
14000, [2, 4, 6, 8], []
14100, [2, 4, 6, 8], []
14200, [2, 4, 6, 8], []
14300, [2, 4, 6, 8], []
14400, [2, 4, 6, 8], []
14500, [2, 4, 6, 8], []
14600, [2, 4, 6, 8], []
30200, [2, 4, 6, 8], []
30300, [2, 4, 6, 8], []
30400, [2, 4, 6, 8], []
30500, [2, 4, 6, 8], []
30600, [2, 4, 6, 8], []
30700, [2, 4, 6, 8], []
30800, [2, 4, 6, 8], []
30900, [2, 4, 6, 8], []
31000, [2, 4, 6, 8], []
31100, [2, 4, 6, 8], []
31200, [2, 4, 6, 8], []
31300, [2, 4, 6, 8], []
31400, [2, 4, 6, 8], []
31500, [2, 4, 6, 8], []
31600, [2, 4, 6, 8], []
31700, [2, 4, 6, 8], []
31800, [2, 4, 6, 8], []
31900, [2, 4, 6, 8], []
32000, [2, 4, 6, 8], []
32100, [2, 4, 6, 8], []
32200, [2, 4, 6, 8], []
32300, [2, 4, 6, 8], []
32400, [2, 4, 6, 8], []
32500, [2, 4, 6, 8], []
32600, [2, 4, 6, 8], []
32700, [2, 4, 6, 8], []
32800, [2, 4, 6, 8], []
32900, [2, 4, 6, 8], []
33000, [2, 4, 6, 8], []
33100, [2, 4, 6, 8], []
33200, [2, 4, 6, 8], []
33300, [2, 4, 6, 8], []
33400, [2, 4, 6, 8], []
33500, [2, 4, 6, 8], []
33600, [2, 4, 6, 8], []
33700, [2, 4, 6, 8], []
33800, [2, 4, 6, 8], []
33900, [2, 4, 6, 8], []
34000, [2, 4, 6, 8], []
34100, [2, 4, 6, 8], []
34200, [2, 4, 6, 8], []
34300, [2, 4, 6, 8], []
34400, [2, 4, 6, 8], []
34500, [2, 4, 6, 8], []
34600, [2, 4, 6, 8], []
34700, [2, 4, 6, 8], []
34800, [2, 4, 6, 8], []
34900, [2, 4, 6, 8], []
35000, [2, 4, 6, 8], []
35100, [2, 4, 6, 8], []
35200, [2, 4, 6, 8], []
35300, [2, 4, 6, 8], []
35400, [2, 4, 6, 8], []
35500, [2, 4, 6, 8], []
35600, [2, 4, 6, 8], []
35700, [2, 4, 6, 8], []
35800, [2, 4, 6, 8], []
35900, [2, 4, 6, 8], []
36000, [2, 4, 6, 8], []
36100, [2, 4, 6, 8], []
36200, [2, 4, 6, 8], []
36300, [2, 4, 6, 8], []
36400, [2, 4, 6, 8], []
36500, [2, 4, 6, 8], []
36600, [2, 4, 6, 8], []
36700, [2, 4, 6, 8], []
36800, [2, 4, 6, 8], []
36900, [2, 4, 6, 8], []
37000, [2, 4, 6, 8], []
37100, [2, 4, 6, 8], []
37200, [2, 4, 6, 8], []
37300, [2, 4, 6, 8], []
37400, [2, 4, 6, 8], []
37500, [2, 4, 6, 8], []
37600, [2, 4, 6, 8], []
37700, [2, 4, 6, 8], []
37800, [2, 4, 6, 8], []
37900, [2, 4, 6, 8], []
38000, [2, 4, 6, 8], []
38100, [2, 4, 6, 8], []
38200, [2, 4, 6, 8], []
38300, [2, 4, 6, 8], []
38400, [2, 4, 6, 8], []
38500, [2, 4, 6, 8], []
38600, [2, 4, 6, 8], []
38700, [2, 4, 6, 8], []
38800, [2, 4, 6, 8], []
38900, [2, 4, 6, 8], []
39000, [2, 4, 6, 8], []
39100, [2, 4, 6, 8], []
39200, [2, 4, 6, 8], []
39300, [2, 4, 6, 8], []
39400, [2, 4, 6, 8], []
39500, [2, 4, 6, 8], []
39600, [2, 4, 6, 8], []
39700, [2, 4, 6, 8], []
39800, [2, 4, 6, 8], []
39900, [2, 4, 6, 8], []
40000, [2, 4, 6, 8], []
40100, [2, 4, 6, 8], []
40200, [2, 4, 6, 8], []
40300, [2, 4, 6, 8], []
40400, [2, 4, 6, 8], []
40500, [2, 4, 6, 8], []
40600, [2, 4, 6, 8], []
40700, [2, 4, 6, 8], []
40800, [2, 4, 6, 8], []
40900, [2, 4, 6, 8], []
41000, [2, 4, 6, 8], []
41100, [2, 4, 6, 8], []
41200, [2, 4, 6, 8], []
41300, [2, 4, 6, 8], []
41400, [2, 4, 6, 8], []
41500, [2, 4, 6, 8], []
41600, [2, 4, 6, 8], []
41700, [2, 4, 6, 8], []
41800, [2, 4, 6, 8], []
41900, [2, 4, 6, 8], []
42000, [2, 4, 6, 8], []
42100, [2, 4, 6, 8], []
42200, [2, 4, 6, 8], []
42300, [2, 4, 6, 8], []
42400, [2, 4, 6, 8], []
42500, [2, 4, 6, 8], []
42600, [2, 4, 6, 8], []
42700, [2, 4, 6, 8], []
42800, [2, 4, 6, 8], []
42900, [2, 4, 6, 8], []
43000, [2, 4, 6, 8], []
43100, [2, 4, 6, 8], []
43200, [2, 4, 6, 8], []
43300, [2, 4, 6, 8], []
43400, [2, 4, 6, 8], []
43500, [2, 4, 6, 8], []
43600, [2, 4, 6, 8], []
43700, [2, 4, 6, 8], []
43800, [2, 4, 6, 8], []
43900, [2, 4, 6, 8], []
44000, [2, 4, 6, 8], []
44100, [2, 4, 6, 8], []
44200, [2, 4, 6, 8], []
44300, [2, 4, 6, 8], []
44400, [2, 4, 6, 8], []
44500, [2, 4, 6, 8], []
44600, [2, 4, 6, 8], []
44700, [2, 4, 6, 8], []
44800, [2, 4, 6, 8], []
44900, [2, 4, 6, 8], []
45000, [2, 4, 6, 8], []
45100, [2, 4, 6, 8], []
45200, [2, 4, 6, 8], []
45300, [2, 4, 6, 8], []
45400, [2, 4, 6, 8], []
45500, [2, 4, 6, 8], []
45600, [2, 4, 6, 8], []
45700, [2, 4, 6, 8], []
45800, [2, 4, 6, 8], []
45900, [2, 4, 6, 8], []
46000, [2, 4, 6, 8], []
46100, [2, 4, 6, 8], []
46200, [2, 4, 6, 8], []
46300, [2, 4, 6, 8], []
46400, [2, 4, 6, 8], []
46500, [2, 4, 6, 8], []
46600, [2, 4, 6, 8], []
46700, [2, 4, 6, 8], []
46800, [2, 4, 6, 8], []
46900, [2, 4, 6, 8], []
47000, [2, 4, 6, 8], []
47100, [2, 4, 6, 8], []
47200, [2, 4, 6, 8], []
47300, [2, 4, 6, 8], []
47400, [2, 4, 6, 8], []
47500, [2, 4, 6, 8], []
47600, [2, 4, 6, 8], []
47700, [2, 4, 6, 8], []
47800, [2, 4, 6, 8], []
47900, [2, 4, 6, 8], []
48000, [2, 4, 6, 8], []
48100, [2, 4, 6, 8], []
48200, [2, 4, 6, 8], []
48300, [2, 4, 6, 8], []
48400, [2, 4, 6, 8], []
48500, [2, 4, 6, 8], []
48600, [2, 4, 6, 8], []
48700, [2, 4, 6, 8], []
48800, [2, 4, 6, 8], []
48900, [2, 4, 6, 8], []
49000, [2, 4, 6, 8], []
49100, [2, 4, 6, 8], []
49200, [2, 4, 6, 8], []
49300, [2, 4, 6, 8], []
49400, [2, 4, 6, 8], []
49500, [2, 4, 6, 8], []
49600, [2, 4, 6, 8], []
49700, [2, 4, 6, 8], []
49800, [2, 4, 6, 8], []
49900, [2, 4, 6, 8], []
50000, [2, 4, 6, 8], []
50100, [2, 4, 6, 8], []
50200, [2, 4, 6, 8], []
50300, [2, 4, 6, 8], []
50400, [2, 4, 6, 8], []
50500, [2, 4, 6, 8], []
50600, [2, 4, 6, 8], []
50700, [2, 4, 6, 8], []
50800, [2, 4, 6, 8], []
50900, [2, 4, 6, 8], []
51000, [2, 4, 6, 8], []
51100, [2, 4, 6, 8], []
51200, [2, 4, 6, 8], []
51300, [2, 4, 6, 8], []
51400, [2, 4, 6, 8], []
51500, [2, 4, 6, 8], []
51600, [2, 4, 6, 8], []
51700, [2, 4, 6, 8], []
51800, [2, 4, 6, 8], []
51900, [2, 4, 6, 8], []
52000, [2, 4, 6, 8], []
52100, [2, 4, 6, 8], []
52200, [2, 4, 6, 8], []
52300, [2, 4, 6, 8], []
52400, [2, 4, 6, 8], []
52500, [2, 4, 6, 8], []
52600, [2, 4, 6, 8], []
52700, [2, 4, 6, 8], []
52800, [2, 4, 6, 8], []
52900, [2, 4, 6, 8], []
53000, [2, 4, 6, 8], []
53100, [2, 4, 6, 8], []
53200, [2, 4, 6, 8], []
53300, [2, 4, 6, 8], []
53400, [2, 4, 6, 8], []
53500, [2, 4, 6, 8], []
53600, [2, 4, 6, 8], []
53700, [2, 4, 6, 8], []
53800, [2, 4, 6, 8], []
53900, [2, 4, 6, 8], []
54000, [2, 4, 6, 8], []
54100, [2, 4, 6, 8], []
